latitude,longitude
51.6008404,-0.1946078
51.6141038,-0.1765046
51.5759872,0.0282186
51.5154842,-0.1049292
51.5153316,-0.1117428
51.5172349,-0.1192033
51.5163376,-0.1193210
51.5150736,-0.0997325
51.5127570,-0.1211470
51.5114165,-0.0776978
51.4870986,-0.1156064
51.5402304,-0.1435412
51.5410872,-0.1466139
51.5412394,-0.1457600
51.5366750,-0.1031148
51.4992520,-0.1808930
51.5109335,-0.1304091
51.5405479,-0.1443341
51.5411992,-0.1458705
51.5112780,-0.1313631
51.5126577,-0.1306078
51.5432581,-0.1034131
51.4984423,-0.1558550
51.5200061,-0.0568520
51.5094752,-0.1974880
51.4198096,-0.2048792
51.4709180,-0.0823783
51.4316018,-0.1513333
51.5370570,-0.0884773
51.5367898,-0.0618170
51.5283246,-0.0709876
51.5190934,-0.0589373
51.4693662,-0.2104484
51.5418100,-0.1359896
51.5375644,-0.0869475
51.5401086,-0.0744743
51.5453735,-0.0632062
51.4895130,-0.1905220
51.4917220,-0.1920540
51.4921346,-0.1926334
51.4927223,-0.1937948
51.5222325,-0.1223623
51.5114505,-0.1302040
51.4738351,0.0397647
51.5340961,-0.0560633
51.5177880,-0.0656989
51.4178854,-0.1778394
51.5204644,-0.0466799
51.4987752,-0.1412257
51.5242350,0.0571866
51.4660910,-0.2167690
51.4770340,-0.0701616
51.4665440,0.0071762
51.5896604,-0.1055470
51.5071386,-0.3395948
51.4796071,-0.0078685
51.5330741,-0.0969195
51.5067276,-0.1269618
51.5124286,-0.1040162
51.5547663,-0.1444767
51.6105958,-0.0302379
51.6359504,-0.0132537
51.6166463,-0.0171716
51.6181629,-0.0176773
51.5859544,-0.0199322
51.4972190,-0.3125450
51.5042616,-0.0612495
51.5833767,-0.0191396
51.5912043,-0.0077676
51.4979980,-0.2652298
51.5074819,-0.1098434
51.6309505,0.0025570
51.5787715,-0.1240159
51.5786621,-0.1240487
51.5776268,-0.1244075
51.5141644,-0.0568886
51.5014719,-0.2035384
51.5142231,-0.1876228
51.5138670,-0.1875160
51.5146835,-0.1168023
51.5134527,-0.1165319
51.5178955,-0.1155324
51.5061393,-0.0222755
51.4112190,-0.2091116
51.5101409,-0.0394540
51.5084245,-0.0734303
51.5140162,-0.1021419
51.4884009,-0.1374885
51.5127342,-0.1414857
51.5148910,-0.0595781
51.5401450,-0.1439007
51.6335484,0.0095033
51.5203402,-0.0525884
51.6338359,0.0101567
51.5062917,-0.1170999
51.4888419,-0.1371080
51.5621052,-0.0772243
51.5131213,-0.0912868
51.5767346,0.0270735
51.4308430,-0.1019080
51.5177884,-0.1197220
51.5222711,-0.0447505
51.3983431,-0.0762561
51.5041063,-0.1137203
51.5108588,-0.1395168
51.5113103,-0.1398884
51.5109108,-0.1393146
51.5139755,-0.1249853
51.5011460,-0.1255950
51.5071635,-0.1075107
51.6304620,-0.1753816
51.5535993,0.0337950
51.5313615,0.0452445
51.5390084,-0.0003979
51.5357918,0.0069276
51.5406530,0.0021146
51.5407422,0.0023829
51.5358349,0.0078196
51.3985503,-0.0761693
51.5548777,-0.0051601
51.5454556,0.0019745
51.5427520,0.0032106
51.5424600,0.0028205
51.3965692,-0.0862152
51.4894946,-0.0210673
51.4910630,-0.1373240
51.4925881,-0.1381212
51.4997405,-0.0262040
51.4861072,-0.0136578
51.6306886,-0.1753419
51.4485307,-0.0981817
51.5013181,-0.0509211
51.4992420,-0.0539424
51.5475353,0.0251166
51.5131287,-0.0566157
51.5556542,0.0054839
51.5555895,0.0054665
51.5555345,0.0054472
51.5134147,0.0118549
51.5129667,0.0122911
51.5116974,-0.0819854
51.4757953,-0.0370911
51.5117329,-0.1876375
51.5488158,-0.0406781
51.5486656,-0.0405862
51.5172036,0.0151705
51.5075201,0.0207124
51.4955765,-0.3059770
51.5058176,-0.1175880
51.4647881,-0.2150085
51.5096585,-0.0656230
51.4957795,-0.1442906
51.4921138,-0.0619053
51.5415402,-0.1383177
51.4982084,-0.1324420
51.4607139,-0.1671587
51.4609207,-0.1664373
51.5084682,-0.2754108
51.5659187,0.0022095
51.5132258,-0.0867502
51.5057051,-0.1176830
51.4451138,-0.1247972
51.3870360,-0.0706470
51.4446886,-0.1515542
51.4543837,-0.1201261
51.5430239,-0.1130904
51.4537247,-0.1193657
51.4975224,-0.1296070
51.5102756,-0.0862062
51.5107157,-0.0860166
51.5391106,-0.1441208
51.5336261,-0.1706793
51.5354117,-0.1660949
51.5277980,-0.1319880
51.5165605,-0.1648246
51.4956292,-0.1460347
51.4981242,-0.1434293
51.5195485,-0.1640981
51.5225474,-0.1665093
51.5025205,-0.1105989
51.5147749,-0.0989569
51.5112833,-0.1413619
51.4883675,-0.0863342
51.5080583,-0.0951602
51.5081984,-0.0960000
51.5353855,0.0215548
51.5378708,0.0341602
51.5399413,0.0356896
51.5122519,-0.0928038
51.5108903,-0.0808223
51.5111253,-0.0793290
51.5063767,-0.0718114
51.5083936,-0.1082420
51.5493199,-0.1411313
51.5390786,-0.1421927
51.5591054,0.0111054
51.4421395,-0.1494126
51.5133800,-0.1714510
51.5275186,-0.1241751
51.5239089,-0.1670048
51.5218536,-0.1575888
51.5397161,-0.1026778
51.5365453,-0.1026836
51.5081822,-0.2764777
51.5072726,-0.2718046
51.5287530,-0.1534172
51.5091024,-0.1235665
51.5363404,-0.0617203
51.5479817,-0.1065443
51.5187702,-0.1328831
51.5111062,-0.1255283
51.5163009,-0.0821130
51.5458070,0.0261670
51.6251347,-0.0153291
51.5205445,-0.1211769
51.6305239,-0.1747593
51.5251912,-0.1798385
51.5233190,-0.1439840
51.4967352,-0.1306320
51.4951778,-0.1326221
51.5549347,0.0080113
51.5155944,-0.1941925
51.5363543,-0.1220094
51.5161082,-0.1353568
51.5314678,0.0267495
51.5150683,-0.0983225
51.5686994,0.0092875
51.5509379,0.0054671
51.5132553,-0.0947404
51.5478637,0.0566192
51.5304747,0.0385392
51.5340680,0.0468905
51.5257393,-0.0840084
51.5928489,-0.1061647
51.5936330,-0.1079402
51.5423552,0.0505393
51.5413735,-0.1030568
51.5431115,-0.1029210
51.5469911,0.0489768
51.5409398,-0.1136889
51.6012325,-0.0078820
51.5334196,0.0563064
51.5332378,0.0540524
51.5381578,0.0512763
51.5329707,-0.1055966
51.5367673,-0.1014736
51.5190993,-0.1088628
51.5181575,-0.1088985
51.5179689,-0.1151802
51.5181372,-0.1163326
51.5180282,-0.1145766
51.5175583,-0.1189705
51.5175523,-0.1193306
51.5167634,-0.1201895
51.5161849,-0.1192587
51.5163486,-0.1199217
51.5136920,-0.1352010
51.5061154,-0.0833699
51.5058789,-0.0838310
51.5245770,-0.0726744
51.5462567,-0.1012753
51.5462500,-0.1014502
51.5083226,-0.1277985
51.5093981,-0.1268964
51.5338171,0.0596942
51.4974410,-0.1407675
51.5683001,0.0093729
51.5663579,-0.1115925
51.5156370,-0.1259790
51.5036340,-0.1133529
51.5079010,-0.1315310
51.5534482,-0.1046613
51.5071590,-0.1272474
51.5117910,-0.1295880
51.5078488,-0.1241116
51.5078650,-0.1245597
51.5079270,-0.1260280
51.5323563,-0.1064436
51.5323975,-0.1064441
51.5330925,-0.1063645
51.5508851,0.0482198
51.5102692,-0.1293371
51.5108246,-0.1294685
51.5099665,-0.1285881
51.5121343,-0.1334375
51.5120060,-0.1338480
51.5125090,-0.1337270
51.5011303,-0.1257234
51.5132250,-0.1044064
51.5131771,-0.1039267
51.5132503,-0.1039269
51.5135766,-0.1039438
51.5120973,-0.1207484
51.5020759,-0.0880159
51.5395529,-0.1018052
51.5872798,-0.0034098
51.5663602,-0.1211957
51.5632748,-0.0059930
51.6169116,-0.0007717
51.6231406,-0.0167235
51.5405389,-0.1084030
51.5222325,0.0225555
51.5043068,-0.0564543
51.5189362,-0.1361415
51.5280278,-0.0816764
51.5278419,-0.0816372
51.5274801,-0.0816511
51.4854252,-0.1235200
51.5133205,-0.0999854
51.5134487,-0.1001374
51.4975801,-0.0983738
51.5159507,-0.0787160
51.5127065,-0.0836318
51.5655495,-0.0739522
51.5122568,-0.1016371
51.5143677,-0.1321409
51.5164397,-0.1239145
51.5289459,-0.0702338
51.5241517,-0.0744234
51.5243518,-0.0730953
51.5268568,-0.0781882
51.5110556,-0.1319754
51.5110628,-0.1311084
51.5123724,-0.1303232
51.5121005,-0.1313062
51.5134023,-0.1312004
51.5146484,-0.1664167
51.5210495,-0.0778510
51.5239594,-0.0741731
51.5152572,-0.0765117
51.5258609,-0.0893468
51.5248119,-0.1161427
51.5158194,-0.1337922
51.4950380,-0.1424770
51.4972100,-0.1446909
51.4980865,-0.1443927
51.4989784,-0.1431015
51.5163229,-0.1332403
51.5084838,-0.1939649
51.5406840,-0.1446270
51.5169332,-0.1316710
51.5380936,-0.1421978
51.5385810,-0.1426241
51.5386625,-0.1426612
51.5392946,-0.1419363
51.5393387,-0.1418595
51.5052345,-0.0797405
51.5104887,-0.2303903
51.5778051,-0.1043561
51.5123041,-0.1283807
51.5153476,-0.1299560
51.5065422,-0.2386760
51.5476716,-0.2246311
51.5024485,-0.1108039
51.5564842,-0.2153770
51.5563700,-0.2150810
51.5562643,-0.2149538
51.5560882,-0.2147564
51.5559861,-0.2146401
51.5559388,-0.2145933
51.5557473,-0.2143532
51.5356322,0.0081310
51.4741027,-0.0657762
51.4789089,-0.0635818
51.4789366,-0.0634265
51.4614205,-0.2170621
51.4611015,-0.2167244
51.5317695,-0.1223238
51.4938754,-0.1421738
51.4875724,-0.1421496
51.4768926,-0.0598993
51.4768606,-0.0600452
51.4768445,-0.0601053
51.4768178,-0.0602426
51.4764502,-0.0627752
51.4966026,-0.0883479
51.4253110,-0.2192290
51.5332241,-0.1222000
51.5309425,-0.1223362
51.5315742,-0.1222859
51.5319837,-0.1222953
51.5337099,-0.1221228
51.5352086,-0.1213509
51.5365629,-0.1218822
51.5367306,-0.1218949
51.4940844,-0.1513535
51.5059520,-0.0224933
51.5060792,-0.0217284
51.5060321,-0.0212959
51.5041622,-0.0202789
51.4315293,-0.1039329
51.5318100,-0.0344690
51.5390929,-0.1421161
51.4995978,-0.1324895
51.5360416,-0.0272071
51.5324542,-0.0320742
51.5413462,-0.1385251
51.5417622,-0.0977129
51.4669456,-0.2161496
51.4606721,-0.1666212
51.4606144,-0.1667650
51.4613432,-0.1674876
51.4609121,-0.1658306
51.4599569,-0.1668195
51.4605860,-0.1670868
51.5151432,-0.0987366
51.4917983,-0.1583450
51.4910661,-0.1592204
51.4911730,-0.1590144
51.4914687,-0.1584930
51.5321154,-0.0343664
51.4815170,-0.0183123
51.4906514,-0.1612291
51.4898129,-0.1627650
51.4898105,-0.1627394
51.4910433,-0.1610291
51.4909276,-0.1612683
51.4908875,-0.1613260
51.5157962,-0.1326509
51.5138327,-0.1297450
51.5139056,-0.1593999
51.5140455,-0.1597282
51.5142471,-0.1596019
51.5148834,-0.1612886
51.5156197,-0.1585511
51.5149549,-0.1582510
51.5126003,-0.1412329
51.5147168,-0.1443136
51.5135007,-0.1417203
51.5137817,-0.1418994
51.5143279,-0.1474367
51.4982710,-0.1472742
51.5100947,-0.1552951
51.5249303,-0.1108724
51.5028445,-0.2239317
51.5070931,-0.1435405
51.5128167,-0.1409682
51.5476843,-0.1449811
51.6314402,0.0034117
51.5141050,-0.1183936
51.5102976,-0.1391473
51.5100050,-0.1413215
51.5115358,-0.1425515
51.5111738,-0.1398138
51.5112601,-0.1396213
51.5106844,-0.1421362
51.5112419,-0.1413145
51.5935000,-0.0983890
51.5571541,-0.0892898
51.5506725,-0.0846119
51.5134993,-0.1511754
51.5123537,-0.1510385
51.5132205,-0.1533387
51.5112267,-0.1370862
51.5207780,0.0187993
51.5211679,0.0196233
51.5212330,-0.0757250
51.5204322,-0.0773643
51.5252831,-0.0705798
51.5253959,-0.0702863
51.5042192,-0.0218839
51.5045698,-0.0228495
51.5042502,-0.0194173
51.5051525,-0.0222368
51.5045558,-0.0237407
51.5116436,-0.0822566
51.4975964,-0.0802056
51.5493990,-0.1411015
51.5493976,-0.1406939
51.5493296,-0.1406944
51.5485052,-0.1408707
51.5478342,-0.1411613
51.5477709,-0.1411795
51.5202193,-0.1041739
51.5136604,-0.1229908
51.5116113,-0.1273023
51.5732071,-0.0591121
51.5008820,-0.1533164
51.5334946,-0.0867676
51.5680687,0.0085821
51.5178561,-0.1356950
51.5139036,-0.1045738
51.4949379,-0.1480744
51.5180379,-0.1713545
51.5152655,-0.1941217
51.5155761,-0.1889909
51.5155276,-0.1894248
51.5395603,-0.1018586
51.5178913,-0.1667738
51.5159633,-0.1788639
51.5192644,-0.1804351
51.5183717,-0.1888450
51.4366563,-0.1046213
51.4695325,-0.2099336
51.5144100,-0.1877716
51.5134092,-0.1879074
51.5133110,-0.1875307
51.5132570,-0.1875245
51.5131917,-0.1878856
51.5131544,-0.1878794
51.5131720,-0.1875147
51.5124871,-0.1874283
51.5119071,-0.1876717
51.5117186,-0.1872745
51.5107147,-0.1868542
51.5149324,-0.0977564
51.5082266,-0.1018922
51.5007350,-0.0979538
51.5008117,-0.0981308
51.6155914,-0.2420335
51.5876080,-0.0632970
51.5154021,-0.1928192
51.5150442,-0.1941153
51.4593445,-0.1662243
51.5064165,-0.1389231
51.5038718,-0.1490460
51.5011196,-0.1246162
51.5011784,-0.1181531
51.5020386,-0.1178012
51.5022577,-0.1177239
51.5021615,-0.1177754
51.5172243,-0.1205142
51.5429910,-0.1037691
51.5212701,-0.1419445
51.5279763,-0.1338663
51.5278146,-0.0907124
51.5194121,-0.1359536
51.5105048,-0.1206359
51.5111838,-0.1316434
51.5072772,-0.1283651
51.5074280,-0.1265922
51.5239036,-0.0773793
51.5214544,-0.0783371
51.5357099,-0.1031097
51.5151393,-0.1308090
51.5150956,-0.1306377
51.5258447,-0.1360487
51.5188893,-0.1504349
51.5158586,-0.0798521
51.5082570,-0.1246490
51.5179712,-0.1084165
51.5411771,0.0015240
51.5412563,0.0016273
51.5417052,-0.0015664
51.5410288,0.0011252
51.5411072,0.0013947
51.5042929,-0.0225861
51.5162857,-0.1434740
51.5247707,-0.1100541
51.5072749,-0.1288860
51.5252740,-0.1099403
51.5226758,-0.1035577
51.5148343,-0.1407765
51.5143625,-0.1935208
51.5139531,-0.1937510
51.5142085,-0.1938178
51.5142723,-0.1938355
51.5140033,-0.1937792
51.4652046,-0.2146873
51.4651549,-0.2147187
51.5278217,-0.1079567
51.5027640,-0.1076240
51.5019816,-0.1106433
51.5013214,-0.1119396
51.5024990,-0.1176100
51.5098985,-0.0858601
51.5046434,-0.0944601
51.5204548,-0.1033955
51.5114170,-0.1366962
51.5163816,-0.1421184
51.5094198,-0.1322129
51.5094715,-0.1323526
51.5188159,-0.1028783
51.4936500,-0.1946478
51.4933906,-0.1947871
51.5048470,-0.1078810
51.5039978,-0.1117510
51.5612449,-0.0101747
51.5115303,-0.1269492
51.5115316,-0.1192659
51.5118180,-0.1285280
51.5114893,-0.1276746
51.5117889,-0.1275055
51.5116405,-0.1260491
51.5107724,-0.1203823
51.5139899,-0.1028814
51.5683333,0.0095895
51.5682839,0.0091058
51.5125955,-0.1040190
51.5036780,-0.2184570
51.5152000,-0.1929840
51.4671126,-0.1628828
51.5109715,0.0594574
51.4950490,-0.1442010
51.4925500,-0.1506490
51.5221792,-0.0897601
51.5065224,-0.1462620
51.5064125,-0.1464556
51.5064791,-0.1465560
51.5063772,-0.1471466
51.5062425,-0.1470845
51.5066718,-0.1433329
51.5054899,-0.1487651
51.5098955,-0.1379192
51.5110083,-0.1396484
51.5157047,-0.1427645
51.5159501,-0.1445189
51.5159967,-0.1442891
51.5120560,-0.1299970
51.5118550,-0.1313096
51.5116144,-0.1317807
51.5115651,-0.1319044
51.5114839,-0.1323220
51.5114320,-0.1323730
51.5119533,-0.1323731
51.4363280,0.0457192
51.5167030,-0.1474289
51.5237636,-0.0769320
51.5357207,-0.1015553
51.5107112,-0.0191418
51.5129947,-0.1315053
51.5130431,-0.1313741
51.5131840,-0.1309500
51.5138135,-0.1314824
51.5134563,-0.1312464
51.4849414,-0.2197895
51.5323400,-0.1260001
51.5327386,-0.1264236
51.5143490,-0.1658331
51.5146860,-0.1663584
51.5148356,-0.1651231
51.5261220,-0.0781089
51.5283192,-0.0744167
51.4990440,-0.0736490
51.5157520,-0.0796774
51.6295387,-0.0074799
51.5034137,-0.1152405
51.5224247,-0.1037538
51.5109792,-0.1366971
51.5563654,-0.0746470
51.5131593,-0.1251168
51.5606181,-0.0740497
51.5160453,-0.1424573
51.5134737,0.0138113
51.5116948,-0.1174420
51.5189527,-0.0771643
51.5189441,-0.0773129
51.3992942,-0.0745606
51.3996517,-0.0745544
51.4581246,-0.1686852
51.5135167,-0.0938786
51.5138693,-0.0935309
51.5000361,-0.0785711
51.5135927,-0.0761133
51.5006177,0.0631760
51.5115174,-0.0757073
51.5135654,-0.0762155
51.5120730,-0.0797720
51.5119760,-0.0799270
51.5122258,-0.0793038
51.5120675,-0.1297647
51.5120263,-0.1297277
51.5095696,-0.1318191
51.5095096,-0.1319607
51.6193597,-0.1068042
51.4928093,-0.1813011
51.5113439,-0.0776892
51.5137276,-0.0709944
51.5057261,-0.1375891
51.5076994,-0.1392041
51.5084503,-0.1369125
51.5091410,-0.1347760
51.4634296,-0.1414943
51.4606421,-0.1690263
51.4607034,-0.1674054
51.6339926,-0.1336651
51.6334962,-0.1311776
51.6335491,-0.1313702
51.5268674,-0.0620882
51.4899747,-0.0655948
51.5118999,-0.1222464
51.5067293,-0.1456606
51.5158716,-0.1406567
51.5165228,-0.1412686
51.5167882,-0.1410563
51.5175123,-0.1417180
51.5097480,-0.0794860
51.5106067,-0.1270998
51.5156823,-0.1358300
51.5176864,-0.1368424
51.5187648,-0.1357193
51.5184073,-0.1399849
51.5137372,-0.1299905
51.5137945,-0.1298458
51.4890989,-0.0779953
51.5092260,-0.0789696
51.5234872,-0.1368448
51.5171846,-0.1317214
51.5169132,-0.1317531
51.5168851,-0.1320093
51.5165617,-0.1330152
51.5171068,-0.1334785
51.5176113,-0.1339168
51.5177299,-0.1343690
51.5181838,-0.1352797
51.5976105,-0.0502874
51.5110960,-0.0872520
51.5116546,-0.0897347
51.4650529,-0.1008894
51.4549725,-0.1193471
51.5121056,-0.0791858
51.5376901,-0.1846827
51.4771640,-0.2026887
51.4947363,-0.1742695
51.5408097,-0.1960235
51.5271668,-0.0811262
51.6333559,-0.1304826
51.5131470,-0.0992559
51.5132501,-0.0997714
51.5260300,-0.0799005
51.4892567,-0.0069379
51.5174676,-0.1512625
51.5608771,-0.2065875
51.4361403,-0.0899760
51.5244882,-0.0979883
51.5164527,-0.1399882
51.5151243,-0.1410199
51.5144327,-0.1391221
51.5143304,-0.1395409
51.5506886,-0.1650566
51.5511670,-0.1657457
51.5506524,-0.1650068
51.5462397,-0.1618926
51.5464465,-0.1615868
51.5463798,-0.1616834
51.5468001,-0.1611201
51.5038130,-0.1119350
51.5155601,-0.1194138
51.5239027,-0.0743970
51.5173866,-0.1190996
51.5135460,-0.1226740
51.5076040,-0.1232030
51.4609130,-0.3050555
51.5171067,-0.1532972
51.5169750,-0.0735281
51.4755097,-0.0384167
51.5108958,-0.0855028
51.5255884,-0.1229101
51.4955920,-0.1290550
51.5164360,-0.1400879
51.5160870,-0.1402921
51.5164824,-0.1398285
51.5183841,-0.1130336
51.5195045,-0.1173056
51.5196340,-0.1171053
51.5195469,-0.1173284
51.5195776,-0.1170832
51.5207774,-0.1911009
51.5005991,-0.0982595
51.5138266,-0.0753846
51.5245853,-0.1769321
51.5400055,-0.1405896
51.5389741,-0.1437574
51.5561483,-0.1387295
51.5401058,-0.1438733
51.5556763,-0.1390433
51.5421999,-0.1420651
51.5427119,-0.1421492
51.5420549,-0.1563298
51.5527921,-0.1408045
51.5406757,-0.1574103
51.5696093,-0.0268405
51.5134190,-0.1209833
51.5271226,-0.0580247
51.5201135,-0.1582090
51.5138091,-0.2280554
51.5034700,0.0495130
51.5037252,0.0500706
51.5117018,-0.1262617
51.5113602,-0.1226525
51.5108399,-0.1238856
51.5337562,-0.1716866
51.4825768,-0.2024645
51.5264300,-0.1392978
51.5784931,-0.1241172
51.5773981,-0.1251683
51.5264955,-0.0633785
51.5221529,-0.0830921
51.6217681,-0.1769587
51.4197973,-0.1064592
51.4972816,-0.3127281
51.4984277,-0.3062117
51.5122251,-0.3032363
51.3973962,-0.0662925
51.4637476,-0.1669134
51.4633220,-0.1698010
51.5072215,-0.1455156
51.5117846,-0.1081089
51.5138549,-0.3020690
51.6202448,-0.0168767
51.5164080,-0.1874740
51.6248503,-0.0575427
51.5271829,-0.1029957
51.5205122,-0.1389009
51.5401205,0.0006933
51.5265620,-0.1247464
51.5222905,-0.0868419
51.5109703,-0.1310284
51.4752894,0.0331956
51.5274054,-0.1269465
51.5264404,-0.1260625
51.5087250,-0.0802018
51.5298655,-0.0545214
51.5426498,-0.1135528
51.5163873,-0.1386126
51.5296287,-0.0456258
51.5154233,-0.1900937
51.5152326,-0.1920782
51.5151420,-0.1935110
51.4972113,-0.1412386
51.4943090,-0.1468458
51.5105420,-0.1377968
51.5125072,-0.1786774
51.4939261,-0.1948299
51.5518304,-0.1412195
51.5363189,-0.0038918
51.5373877,-0.0024705
51.5321781,-0.1262033
51.5160218,-0.1513701
51.5179107,-0.1516600
51.5159033,-0.1426454
51.5165004,-0.1414794
51.5170244,-0.1417238
51.5158723,-0.1524237
51.5367457,-0.0618461
51.4942114,-0.1366387
51.4927421,-0.1258158
51.4929286,-0.1254513
51.5535057,-0.0446119
51.4933113,0.1099759
51.5706314,-0.0247599
51.5192440,-0.1564277
51.6330479,0.0082303
51.6329930,0.0080854
51.5429157,0.0009651
51.5416494,0.0000645
51.5416185,-0.0009642
51.5424902,0.0003434
51.5414058,0.0003808
51.5411589,0.0011211
51.5412824,0.0007376
51.5405809,0.0006157
51.5405467,0.0005580
51.5402548,0.0001783
51.5134358,-0.1475281
51.5302230,0.0226643
51.4969382,-0.1370212
51.4972658,-0.1406068
51.5127062,-0.1531295
51.5112595,-0.1552059
51.5724370,-0.0723723
42.9862814,-81.2504432
51.4947017,-0.1294719
51.4860884,-0.1808834
51.4816679,-0.1876104
43.0034498,-81.2283822
51.4817158,-0.0107947
51.5166206,-0.1398848
51.4990207,-0.0159649
51.5267851,-0.0097764
51.5005004,-0.1892910
51.5262823,-0.0644213
51.5272353,-0.0584105
51.4985236,-0.2011143
51.4988880,-0.1997340
51.5738234,-0.2005329
51.5778534,-0.1043696
51.4946903,-0.1456850
51.5426060,-0.0064280
51.5440844,-0.0088906
51.5903207,-0.0225900
51.5220074,-0.1354632
51.5435035,-0.0062450
51.5314978,-0.0376006
51.5439111,-0.0091186
51.6310029,0.0026979
51.5760347,0.0280580
51.5174530,-0.1506610
51.5127937,-0.1457785
51.4978692,-0.1263922
51.5131833,-0.1398488
51.5163244,-0.1392261
51.5271228,0.0805207
51.4925038,-0.2321460
51.5381776,-0.0013854
51.5196862,-0.0780105
51.5113698,-0.0794105
51.4873426,-0.0135068
51.5089138,-0.0097939
51.5089027,-0.0100367
51.5095282,-0.0807865
51.5112826,-0.0297993
51.5465770,0.0294114
51.4945357,-0.1454507
51.4949081,-0.2114724
51.5115033,-0.1307389
51.5296588,-0.0836722
51.5103066,-0.0731599
51.5133490,-0.0785040
51.5360565,-0.0048551
51.5207685,-0.1016144
51.5209669,-0.1013075
51.5137383,-0.1181644
51.5222036,-0.1581626
51.4966881,-0.2077391
51.6086295,0.0001502
51.6087294,0.0002146
51.6073360,0.0005968
51.6077891,-0.0015665
51.5262009,-0.0755353
51.4759815,-0.0370815
51.5392792,-0.0001833
51.5878329,-0.0624132
51.5059247,-0.0996621
51.5078234,-0.0962422
51.5079987,-0.0962073
51.5381209,-0.0013407
51.5382431,-0.0013266
51.5382028,-0.0013662
51.4753645,-0.0389599
51.4806760,-0.1942103
51.5205378,-0.0980208
51.4756826,-0.0378153
51.4752286,-0.0352617
51.4758356,-0.0359222
51.5184731,-0.1349177
51.4755427,-0.0382870
51.4758395,-0.0358537
51.4754839,-0.0385521
51.5103728,-0.0833866
51.5112806,-0.0794033
51.5111510,-0.0790157
51.5163282,-0.0808141
51.3849908,-0.1747766
51.5221945,-0.0843649
51.4846711,-0.2201265
51.5268978,-0.0594012
51.5268686,-0.0596648
51.5070706,-0.1081175
51.5005328,-0.0168538
51.5004256,-0.0176710
51.5004323,-0.0177595
51.5003825,-0.0172400
51.5003292,-0.0126780
51.4962499,-0.0156043
51.4981603,-0.0109112
51.4983255,-0.0107415
51.5014806,-0.0189340
51.5015256,-0.0193041
51.5015624,-0.0196501
51.5013887,-0.0183171
51.4974890,-0.0176160
51.5846589,-0.0196077
51.5835823,-0.0191679
51.5861808,-0.0205366
51.5522298,0.0058501
51.5842301,-0.0236752
51.5840130,-0.0234264
51.5840407,-0.0232565
51.4817573,-0.0106708
50.8271109,-0.1337025
51.5226836,-0.1053842
51.5129568,-0.1580123
51.5243331,-0.0841555
51.5414632,0.0018955
51.5230894,-0.0427949
51.5248742,-0.0794175
51.5248533,-0.1101574
51.5256916,-0.0812967
51.5257433,-0.0813958
51.5261057,-0.0812265
51.5227034,-0.0869644
51.5172654,-0.0634614
51.5154482,-0.1485548
51.5503836,-0.0428892
51.4930325,-0.1467732
51.4929988,-0.1463424
51.4927640,-0.1473451
51.4935172,-0.1468167
51.4943790,-0.1467884
51.5151415,-0.0964690
51.5786184,0.0253879
51.4748990,-0.0962380
51.5715014,-0.1949421
51.4809539,-0.0978965
51.4369038,-0.1616491
51.5180640,-0.1216262
51.4596379,-0.2114656
51.5496827,-0.0361444
51.5496650,-0.0362167
51.5496067,-0.0365507
51.5191159,-0.1425068
51.4947064,-0.1313362
51.5066687,-0.0062992
51.4606872,-0.1674878
51.5126049,-0.1325151
51.4980130,-0.0814971
51.5019611,-0.1191968
51.5062122,-0.1171880
51.4995953,-0.0956861
51.4211140,-0.2076829
51.4207599,-0.2067991
51.5078767,-0.0227713
51.5163543,-0.1148505
51.5461926,0.0240011
51.4980580,-0.1197870
51.5136458,-0.1168188
51.5147965,-0.1175290
51.5134427,-0.1179482
51.5130398,-0.1182298
51.5943737,0.0241570
51.5932445,0.0254697
51.5936252,0.0250177
51.5935894,0.0250579
51.5937977,0.0248340
51.5939202,0.0245484
51.5259132,-0.0992836
42.8508464,-81.2742802
51.4214523,-0.2079411
51.5089160,-0.0018610
51.5078637,0.0643449
51.5073796,0.0630950
51.5075931,0.0640930
51.4393387,-0.1866049
51.5945249,0.0239555
51.5944516,0.0240387
51.5945915,0.0238697
51.5007551,-0.1931396
42.9978273,-81.3311164
42.9979991,-81.3321891
51.5047476,-0.0188920
51.5050283,-0.0188279
51.4947082,-0.1304161
51.5123066,-0.1453597
51.5229282,-0.1580950
51.5178454,-0.0797675
51.5042370,-0.0905046
51.5194343,-0.0794517
51.4987337,-0.1656782
42.9879455,-81.2626802
42.9997759,-81.2943051
51.5404990,-0.1442380
42.9641639,-81.2571605
42.9665378,-81.2536428
42.8827901,-81.3463272
42.9583540,-81.3710980
42.9885790,-81.2364610
42.8821401,-81.2625018
42.9005851,-81.2964360
42.8964904,-81.2390200
43.0089599,-81.2776723
42.8655400,-81.2127700
42.9791093,-81.1990122
42.9798378,-81.2351439
42.9901907,-81.2290014
42.9938420,-81.1898465
51.5200124,-0.0942444
51.5248028,-0.1985547
51.5026295,-0.0203203
51.5144007,-0.0052192
51.5251632,-0.0870840
51.5916127,-0.1044067
51.5929986,-0.1063801
51.5115602,-0.0342021
51.5069008,-0.1160894
51.4148931,-0.2001354
51.5044260,-0.0148490
51.5677857,0.0083889
43.0114843,-81.2632028
51.5551481,0.0053216
51.5569541,0.0063702
51.5714364,0.0134812
51.5714130,0.0137496
51.5114240,-0.0282842
51.5116169,-0.0277114
51.5368592,-0.0614678
51.5369003,-0.0614237
51.5915326,-0.0061685
51.4946586,-0.1868806
51.4945303,-0.1849558
51.5911441,-0.0079498
51.5910994,-0.0080850
51.5910768,-0.0081534
51.5911662,-0.0078827
51.5961037,-0.0237645
51.5073302,-0.1420165
51.5568996,-0.1785486
51.5119755,-0.1335372
51.5119341,-0.1335023
51.5111079,-0.1320091
51.5111904,-0.1320648
51.5110187,-0.1319524
51.5892601,-0.0193662
51.5892857,-0.0192997
51.5118036,-0.1279779
51.4936504,0.1100911
51.5084102,-0.1084814
51.5191157,-0.1216168
51.5843034,-0.0343542
51.5257216,-0.0778904
51.5254684,-0.1100940
51.5101213,-0.1322569
51.5015757,-0.1617168
51.5825665,-0.0104146
51.5653734,-0.1055113
51.5194649,-0.0891360
51.5048101,-0.0572693
51.5141750,-0.1578727
51.5274395,-0.0212824
51.5877980,-0.2212419
51.5826510,-0.0285152
51.5192790,-0.1238420
51.5174679,-0.1753826
51.5070258,-0.1455603
51.5837788,-0.0084160
51.5798240,-0.0412215
51.5887474,-0.0306520
51.4238566,-0.1725143
51.5249815,-0.1351676
51.5969810,-0.0678890
51.5149998,-0.1516576
51.5148858,-0.1514702
51.5127897,-0.1320676
51.5127635,-0.1321352
51.5117142,-0.1384649
51.5776210,0.0266403
51.5770817,0.0270578
51.5786917,0.0258355
51.5439192,-0.0758554
51.5613018,-0.0461234
51.5595734,-0.0561884
51.4502207,-0.2407274
51.5554746,-0.1126451
51.5144260,-0.1608665
51.5148582,-0.1610469
51.5157482,-0.1568241
51.5150121,-0.1570200
51.5158385,-0.1547528
51.5228069,-0.1245810
51.4220245,-0.1058181
51.4224031,-0.1056062
51.4224216,-0.1053112
51.4222744,-0.1057216
51.4224483,-0.1062124
51.5095894,-0.1260753
51.5268008,-0.0622960
51.5266085,-0.0620804
51.5253195,-0.0710152
51.4905220,-0.0968810
51.4913240,-0.0978900
51.5326153,-0.2855402
51.5479123,-0.1824390
51.5198665,-0.0978166
51.5826492,-0.0999372
51.5832162,-0.1000331
51.5109803,-0.0816178
51.5654630,-0.1081159
51.5656824,-0.1084900
51.5656461,-0.1083624
51.5193444,-0.1793132
51.5195407,-0.1797209
51.5190797,-0.1790432
51.4901682,-0.1909867
51.5895605,-0.0395059
51.4652626,-0.2146485
51.4875601,-0.1691255
51.5481216,-0.0875454
51.5191665,-0.1801959
51.4756973,-0.0377171
51.4807724,-0.0208520
51.5089329,-0.1256909
51.5088581,-0.1252964
51.5003814,-0.1884735
51.4696742,-0.0692116
51.5167329,-0.1201560
51.5096319,-0.1324960
51.4424744,-0.0349759
51.5117989,-0.1352012
51.5111858,-0.1259538
51.4995998,-0.1310559
51.5128394,-0.0381922
51.5485251,-0.0930151
51.4274459,-0.1673473
51.4287113,-0.1671274
51.5554688,-0.0082929
51.5381149,-0.0046054
51.5379254,-0.0059759
51.4865728,-0.1115693
51.5183432,-0.1530705
51.5081783,-0.1265707
51.4811840,0.0189904
51.5446867,-0.0085927
51.5115262,-0.1224706
51.6249080,-0.0591616
51.6249614,-0.0589256
51.6249414,-0.0590329
42.9893054,-81.2509729
51.5306634,-0.1260730
51.5714827,0.0083524
51.4951331,-0.1441662
51.4941860,-0.1452804
51.5047962,-0.0197904
51.5048348,-0.0197687
51.5310789,-0.1208228
51.5259347,-0.0816584
51.5429470,0.0042907
51.5587436,-0.0075105
51.5876601,-0.0629518
51.5422751,0.0040622
51.5096751,-0.1270863
51.5174876,-0.0951594
51.5235275,-0.1251922
51.5235475,-0.1252056
51.4975776,-0.1670079
51.5426080,-0.0068551
51.5426069,-0.0066110
51.5426047,-0.0061390
51.4987447,-0.1340051
51.4467778,-0.1244567
51.4467176,-0.1244487
51.4461793,-0.1238237
51.4458859,-0.1251534
51.4474173,-0.1244171
51.5215600,-0.1345641
51.5215867,-0.1344729
51.5175805,-0.1341996
51.5117522,-0.1225568
51.5451195,-0.1034100
51.5093609,-0.1251313
51.5189497,-0.1365302
51.5231733,-0.1018162
51.4179352,-0.0818322
51.4987164,-0.1838471
51.5134089,-0.1421937
51.5130738,-0.0925930
42.9599309,-81.2141022
42.9839563,-81.2495340
42.9840078,-81.2493711
51.4754207,-0.0356352
51.5168321,-0.1189284
51.5289325,-0.1445106
51.5283931,-0.1437369
51.5895874,0.0814565
51.5898691,0.0816265
51.5897185,0.0818448
51.5896705,0.0818117
51.5896273,0.0817818
51.5894234,0.0816410
51.5176762,-0.0774193
51.5251707,-0.1972515
51.5141001,-0.0869235
51.5154683,-0.0880355
51.5116244,-0.1177002
51.4568373,-0.0142552
51.5570974,-0.2825841
51.5563975,-0.2840972
51.5565459,-0.2837565
51.5562808,-0.2841159
51.5560979,-0.2837875
51.5564859,-0.2840703
51.5564992,-0.2836144
51.5563708,-0.2839282
51.5562708,-0.2837834
51.5565076,-0.2837378
51.5562974,-0.2840006
51.5564709,-0.2840489
51.5561758,-0.2837032
51.5566343,-0.2833140
51.5562708,-0.2839792
51.5574393,-0.2844617
51.5572008,-0.2824150
51.5567394,-0.2841213
51.5562424,-0.2838236
51.5186801,-0.1372272
51.5186276,-0.1373813
51.5660870,-0.1346130
51.5170136,-0.0641094
51.5887205,-0.0701834
51.5008261,0.0057240
51.5007466,0.0057974
51.5975101,-0.1136074
51.4087127,-0.1217026
51.4102621,-0.1227677
51.4093755,-0.1219401
51.5357914,-0.1256467
51.6118267,-0.0756002
51.5596205,-0.0560763
51.5111068,-0.0858836
51.5184572,-0.0741531
51.5010223,-0.1083201
51.4967911,-0.1335948
51.5221732,-0.0463128
51.5204016,-0.0720757
51.5563016,-0.2839283
51.5273782,-0.0816643
51.5272409,-0.0809859
51.5134350,-0.1711310
51.5134320,-0.1715450
51.5051193,-0.0201491
51.5113749,-0.0719610
51.4949656,-0.1270808
51.5134334,-0.0854419
51.5303390,-0.0682263
51.5446357,-0.0198490
51.5475273,-0.0149531
51.5431229,-0.0082123
51.5213603,-0.0758737
51.4919826,-0.1917036
51.5100710,-0.0680349
51.5283303,-0.0561780
51.4768620,-0.1687480
51.5415436,-0.1460834
51.5257028,-0.0658141
51.5302143,-0.1251504
51.5147635,-0.0915874
51.4743334,-0.0695659
51.5147255,-0.1333222
51.5110792,-0.1361391
51.5106309,-0.1355893
51.5115708,-0.1344159
51.5116110,-0.1344540
51.5127872,-0.1317674
51.5121883,-0.1337222
51.5143670,-0.1483300
51.5066936,-0.1517724
51.5070465,0.0159397
51.5442030,-0.0258890
51.5150495,-0.1340567
51.5057447,-0.0897022
51.5109790,-0.0878279
51.4950128,-0.0106519
51.5121892,-0.0370524
51.5029828,-0.0183288
51.5060892,-0.0257869
51.6190139,0.0055884
51.6190284,0.0057576
51.5161976,-0.0812224
51.5162609,-0.0810298
51.5279378,-0.0816266
51.6190122,0.0062643
51.6189951,0.0067979
51.6190385,0.0054433
51.6190242,0.0058882
51.6190162,0.0061377
51.6185676,0.0041692
51.5109370,-0.0803664
51.5107100,-0.0816753
51.5112676,-0.0816350
51.5156910,-0.0790092
51.5510732,0.0198409
51.5121584,-0.1345211
51.4991760,-0.1380980
51.4737508,-0.0648406
51.4741087,-0.0652588
51.4741113,-0.0651987
51.4741089,-0.0661121
51.5048241,-0.0173665
51.4905111,0.0124145
51.4992752,-0.1646905
51.5324629,-0.0315281
51.5599719,-0.0135625
51.5165114,-0.1333047
51.5119670,-0.0834791
51.5117800,-0.0836052
51.5116919,-0.0831712
51.5261900,-0.1369017
51.5160660,-0.1879520
51.5132948,-0.1337195
51.5488539,-0.0403886
51.5203906,-0.0794392
51.5166249,-0.1330659
51.5056836,-0.0915718
42.9357237,-81.3165835
42.9344714,-81.3163104
42.9354092,-81.3164569
51.5298923,-0.0713064
51.5149648,-0.0830569
51.5151685,-0.0828534
51.4593490,-0.2112775
51.5117378,-0.1322094
51.5502280,-0.0457275
51.4704518,-0.1127271
51.4703186,-0.1127183
51.4624181,-0.1154476
51.4996718,-0.2216540
51.5121923,-0.1385818
51.5121137,-0.1383699
51.4990301,-0.1375877
51.5309254,-0.0476679
51.5287224,-0.0563038
51.4562019,-0.1622246
51.4560160,-0.1623539
51.4566400,-0.1626006
51.5074940,-0.1397460
51.5837880,-0.0638382
51.4594723,-0.1662659
51.4567212,-0.1629556
51.5069630,-0.1037000
51.5495977,-0.1521974
51.4558379,-0.1652889
51.4580441,-0.1657178
51.4579865,-0.1657178
51.5284929,-0.0562090
51.5282496,-0.0561698
51.4588989,-0.1664431
51.4589367,-0.1660568
51.4599160,-0.1663960
51.4603837,-0.1672907
51.5176692,-0.0761517
51.4624839,-0.2220413
51.5068888,-0.1256307
51.5077250,-0.0962288
51.5401030,-0.1346467
51.5763909,0.0278017
51.5152530,-0.1179934
51.5138932,-0.1155086
51.5173375,-0.0850843
51.4795001,-0.0260493
51.5151023,-0.1174565
51.5127996,-0.1131874
51.5144034,-0.1072690
51.6302874,-0.1745643
51.4853093,-0.1742253
51.5247986,-0.0821197
51.5226664,-0.1877985
51.5109081,-0.1268618
51.5080900,-0.0721536
51.5136812,-0.1150587
51.5062517,-0.0835132
51.5180244,-0.0271455
51.5356962,-0.1040678
51.5791800,-0.0988020
51.5509680,-0.0861490
51.4529740,-0.1040876
51.4930058,-0.1490416
51.4929364,-0.1488249
51.5195770,-0.1354430
51.5191700,-0.1356500
51.5192000,-0.1356770
51.4535593,-0.1918413
51.4509478,-0.1898460
51.5140476,-0.1057964
42.9856564,-81.2435340
51.5326411,-0.1195718
51.4989456,-0.0994588
51.4989364,-0.0992992
51.5112209,-0.1327075
42.9890241,-81.2511346
51.5112760,-0.0829338
51.5109496,-0.0829965
51.5487263,-0.0762355
51.5422345,-0.0082519
51.5423326,-0.0080809
51.5421370,-0.0084181
51.5421780,-0.0083502
51.5425112,-0.0076731
51.4974716,-0.1337341
51.4969822,-0.1336515
51.5487316,-0.0764077
51.4452071,-0.0217176
51.4456442,-0.0205454
51.5026280,-0.1101995
51.5027330,-0.1077010
51.5329436,-0.0066222
51.4199455,-0.1968060
51.5147351,-0.0983825
51.4989320,-0.1657903
51.5154699,-0.1390998
51.5078867,-0.1398690
51.5104829,-0.1343173
51.5172867,-0.1409623
51.5173191,-0.1408183
51.4233648,-0.1891293
51.5338597,0.0246355
51.5066496,0.0730271
51.4811857,-0.0203846
51.4971506,-0.1097437
51.5322933,-0.0926313
51.5146230,-0.1168698
51.5290041,-0.1320480
51.5214890,-0.0754491
51.5848806,-0.0206988
51.5849309,-0.0203882
51.5850120,-0.0198815
51.5850315,-0.0201603
51.4947999,-0.1832693
51.5775399,-0.1062394
51.5137289,-0.1153288
51.5177872,-0.1197773
51.5346520,-0.2429490
51.5371209,-0.0801256
51.5293696,-0.0610720
51.4396611,-0.0549723
51.4933804,-0.1944949
51.5015370,-0.1922330
51.5472587,-0.0743505
51.4715203,-0.1682443
51.5138028,-0.1182084
51.5208485,-0.0752559
51.5150216,-0.0719241
51.5067638,-0.1042074
51.5253386,-0.0902053
51.5038766,-0.1117501
51.5100671,-0.1482961
51.5203674,0.0386676
51.5983490,-0.0759390
51.5350181,-0.1041189
51.5458173,-0.1918458
51.5458239,-0.1919424
51.5475357,-0.1911470
51.5164778,-0.1329562
51.5952908,-0.1087434
51.5079309,0.0206736
51.4804445,0.0811057
51.5226901,-0.1628634
51.5187650,-0.1442848
51.5188690,-0.1359183
51.5189481,-0.1359975
51.5189773,-0.1419937
51.5148657,-0.1756863
51.5045582,-0.0913860
51.4629045,-0.3009027
51.5094807,-0.0584595
51.5050311,-0.0834392
51.5158323,-0.1878111
51.5155811,-0.1893011
51.5089180,-0.1348450
51.5083137,-0.1337820
51.5227285,-0.1939694
51.5183470,-0.1481528
51.5159577,-0.0457677
51.5043704,-0.0817713
51.5166336,-0.2000853
51.5115085,-0.0277232
51.5211102,-0.1774926
51.5215923,-0.1782303
51.5524272,-0.0864932
51.5524863,-0.0867516
51.6144308,-0.2481928
51.5428160,-0.0225900
51.5232334,-0.0110381
51.5083597,-0.1338763
51.5043480,-0.0141745
51.5214950,-0.1126688
51.5147961,-0.0992673
51.5166955,-0.1756128
51.5271105,-0.0782456
51.5145634,-0.0960947
51.5292661,-0.1294743
51.5171399,-0.1223476
51.5228655,-0.0977285
51.5194078,-0.0576988
51.5164828,-0.1416198
51.4341103,-0.1035139
51.5256670,-0.0773850
51.5258023,-0.0775261
51.5257311,-0.0773240
51.5262223,-0.0781879
51.5261879,-0.0781517
51.5488356,-0.1071923
51.5259174,-0.0780296
51.5257869,-0.0779362
51.5256057,-0.1790556
51.5706886,-0.1164631
51.5706971,-0.1165449
51.5253686,-0.1782094
51.5261307,-0.0679788
51.5205475,-0.1389428
51.5258739,-0.1789406
51.5257434,-0.1792946
51.5271934,-0.0824664
51.5252571,-0.0850218
51.5125045,-0.1389883
51.5258306,-0.1790342
51.5311167,-0.1065094
51.5257408,-0.0812994
51.5163272,-0.0823137
51.5369863,-0.0616564
51.5370208,-0.0616209
51.5367382,-0.0615649
43.0280440,-81.2740689
51.5298033,-0.1248264
51.5158836,-0.0777791
51.5009749,-0.1121420
51.5057459,-0.1149505
51.4310040,-0.1023245
51.5057100,-0.0853788
51.5554954,0.0187581
51.5149099,-0.1339692
51.4736629,-0.0711057
51.5177806,-0.0798469
51.5180334,-0.0793647
51.5179708,-0.0796203
51.5179012,-0.0792945
51.5163652,0.0106603
51.5248911,-0.1882251
51.5255143,-0.1866194
51.5241794,-0.1822337
51.5246151,-0.1795946
51.5205071,-0.1758469
51.5209789,-0.1741215
51.5240605,-0.1785206
51.5271231,-0.1826562
51.5244915,-0.1851444
51.5245488,-0.1904225
51.5260634,-0.1873647
51.5275942,-0.1901114
51.5241718,-0.1913995
51.5225146,-0.1937990
51.5236070,-0.1944709
51.5229282,-0.2009683
51.5247665,-0.2044571
51.5250640,-0.1962444
51.5252835,-0.2042040
51.5221190,-0.2076965
51.5224670,-0.2071296
51.5170395,-0.2192766
51.5181332,-0.2108629
51.5188701,-0.2076574
51.5198370,-0.2234103
51.5215629,-0.2273459
51.5228320,-0.2150972
51.5220604,-0.2125153
51.5246932,-0.2113980
51.5257838,-0.2079258
51.5259756,-0.2088936
51.5261258,-0.2098892
51.5298413,-0.2203923
51.5132037,-0.1181414
51.5189463,-0.0772472
51.5293578,-0.2166451
51.5309396,-0.2144747
51.5310766,-0.2138836
51.5266916,-0.2078459
51.5267580,-0.2071339
51.5274203,-0.2136625
51.5277049,-0.2078246
51.5279374,-0.2101735
51.5281078,-0.2063772
51.5300331,-0.2111427
51.5304512,-0.2115828
51.5309623,-0.2153028
51.5321084,-0.2099681
51.5322208,-0.2027194
51.5324132,-0.2037430
51.5329585,-0.2059318
51.5334573,-0.2062729
51.5290089,-0.2042946
51.5310011,-0.2039638
51.5320357,-0.2022650
51.5246798,-0.2010610
51.5262810,-0.2006530
51.5264482,-0.2014794
51.5272362,-0.2038638
51.5278823,-0.2026105
51.5279778,-0.2014086
51.5287621,-0.2022999
51.5293300,-0.1987192
51.5303876,-0.1987743
51.5308472,-0.1997973
51.5258549,-0.1977551
51.5269737,-0.1971334
51.5278082,-0.1945561
51.5281496,-0.1983191
51.5283590,-0.1916032
51.5313035,-0.1864013
51.5318030,-0.1821830
51.5363620,-0.1935466
51.5219263,-0.0637035
51.5220342,-0.0646847
51.5230476,-0.0422895
51.5238620,-0.0547855
51.5260653,-0.0635477
51.5280009,-0.0514494
51.5306543,-0.0572287
51.5336862,-0.0573765
51.5345253,-0.0557998
51.5169626,-0.0726658
51.5215355,-0.0717116
51.5232929,-0.0697906
51.5243157,-0.0760051
51.5247160,-0.0758012
51.5281484,-0.0741936
51.5292400,-0.0779734
51.5295079,-0.0700294
51.5305284,-0.0714844
51.5102767,-0.0387919
51.5011991,-0.0255712
51.4988417,-0.1827570
51.5111309,-0.1860600
51.5111357,-0.1859924
51.5123188,-0.1806958
51.5124014,-0.1802518
51.5124131,-0.1823927
51.5138351,-0.1859441
51.5138877,-0.1710287
51.5139040,-0.1631060
51.5141755,-0.1829363
51.5141850,-0.1808080
51.5145947,-0.1743005
51.5149170,-0.1638958
51.5153669,-0.1825741
51.5154150,-0.1648955
51.5157419,-0.1664524
51.5158388,-0.1772205
51.5161960,-0.1754078
51.5167530,-0.1657995
51.5173823,-0.1862308
51.5177503,-0.1739743
51.5179462,-0.1929563
51.5181481,-0.1918094
51.5185469,-0.1944736
51.5187646,-0.1689872
51.5189097,-0.1915888
51.5189278,-0.1773769
51.5191459,-0.1941081
51.5195670,-0.1720690
51.5120217,-0.1922375
51.5127787,-0.1933973
51.5137063,-0.1895901
51.5137711,-0.1968280
51.5139669,-0.1877251
51.5140438,-0.1964069
51.5146344,-0.1948680
51.5147232,-0.1908448
51.5147745,-0.1937727
51.5157952,-0.1893757
51.5169399,-0.1907109
51.5838538,-0.0731735
51.4502050,0.0811989
51.4502736,0.0819204
51.5086005,-0.2038544
51.5109103,-0.2088193
51.5134305,-0.2117015
51.5155748,-0.2095903
51.5158627,-0.2094703
51.5162759,-0.2130484
51.5164869,-0.2220066
51.5171432,-0.2211867
51.5175018,-0.2065059
51.5180214,-0.2037449
51.5180397,-0.2040443
51.5182505,-0.2193399
51.5185538,-0.2231458
51.5189389,-0.2045510
51.5192466,-0.2192377
51.5199077,-0.2264742
51.5200049,-0.2131303
51.5210971,-0.2089211
51.5211106,-0.2120196
51.5227019,-0.2218470
51.5240073,-0.2161752
51.5077535,-0.2071753
51.5081660,-0.2060889
51.5097223,-0.1942200
51.5097600,-0.1931236
51.5097737,-0.1930384
51.5098374,-0.1983697
51.5100866,-0.1943109
51.5105327,-0.1954860
51.5108280,-0.1994002
51.5115384,-0.1969904
51.5115900,-0.2021471
51.5116175,-0.2040055
51.5058221,-0.2118514
51.5062769,-0.2144260
51.5066272,-0.2081772
51.5080273,-0.2131694
51.5085678,-0.2101705
51.5101194,-0.2113461
51.5113277,-0.2110674
51.5117234,-0.2182430
51.5124059,-0.2143784
51.5130083,-0.2176822
51.4933847,-0.2172796
51.4944594,-0.2159010
51.4963525,-0.2070454
51.4988632,-0.2101176
51.4998468,-0.2118193
51.5015483,-0.2132660
51.4972735,-0.2067231
51.4999686,-0.2062121
51.5032773,-0.2125306
51.5042452,-0.2134852
51.5049740,-0.2113452
51.5512713,-0.0844466
51.5166912,-0.1404780
51.5130728,-0.1338481
51.5163440,-0.1391003
51.5113093,-0.1300926
51.4248596,-0.1636347
51.4299442,-0.1662027
51.5481584,-0.0875993
51.5480666,-0.0874276
51.5486686,-0.0876529
51.5487404,-0.0876151
51.5480950,-0.0874947
51.5496860,-0.0871969
51.5501064,-0.0868828
51.4239943,-0.1722186
51.5513622,-0.0859630
51.5517576,-0.0858248
51.5518109,-0.0858101
51.5369155,-0.1013052
51.5229616,-0.1081365
51.5147865,-0.1661801
51.5144010,-0.1669035
51.5244086,-0.0739235
51.5354211,-0.0627402
51.5244553,-0.0729062
51.5122331,-0.0681731
51.5124043,-0.0467180
51.5128269,-0.0535885
51.5149771,-0.0530998
51.5151696,-0.0651979
51.5154120,-0.0586089
51.5183541,-0.0654116
51.5041214,-0.0598632
51.5069194,-0.0525145
51.5086647,-0.0632106
51.5148304,-0.0822206
51.5158491,-0.1392716
51.5170202,-0.1386725
51.5255148,-0.1100121
51.5034822,-0.0617264
51.5050172,-0.0690369
51.5268873,-0.0887952
51.5274286,-0.0914047
51.5149822,-0.0727566
51.5178043,-0.0785566
51.5203703,-0.0784706
51.5097626,-0.0849110
51.5097963,-0.0810229
51.5098757,-0.0782069
51.5102739,-0.0791882
51.5104502,-0.0844451
51.5105594,-0.0753826
51.5106540,-0.0786077
51.5110586,-0.0814268
51.5114812,-0.0796524
51.5117553,-0.0775442
51.5137021,-0.0814339
51.5138788,-0.0789390
51.5175660,-0.0850216
51.5176977,-0.0852519
51.5203173,-0.0860592
51.5204188,-0.0861231
51.5208378,-0.0849364
51.5210794,-0.0834882
51.5212459,-0.0855902
51.5214516,-0.0856543
51.5218113,-0.0833341
51.5226548,-0.0846436
51.5232919,-0.0870124
51.5177650,-0.0873176
51.5180970,-0.0871828
51.5181635,-0.0861443
51.5182212,-0.0865507
51.5221632,-0.0945960
51.5230014,-0.0976524
51.5231401,-0.0947778
51.5238405,-0.0901039
51.5187171,-0.0905869
51.5141542,-0.0913954
51.5146160,-0.0955293
51.5147286,-0.0906757
51.5148753,-0.0925431
51.5153051,-0.0953577
51.5159191,-0.0955848
51.5162872,-0.0942667
51.4999416,-0.0185247
51.5106317,-0.0888634
51.5110214,-0.0918692
51.5110178,-0.0968913
51.5121835,-0.0990873
51.5128233,-0.0950139
51.5154724,-0.1047036
51.5168895,-0.1048452
51.5246915,-0.0336685
51.5088848,-0.0078039
51.5089508,-0.0171031
51.5094707,-0.0035597
51.5319147,-0.0360959
51.5294831,-0.0314202
51.5341328,-0.1025502
51.5343799,-0.1047168
51.5366299,-0.0979765
51.5373766,-0.0922877
51.5395808,-0.0985985
51.5409137,-0.1025682
51.5433231,-0.1011931
51.5465582,-0.0956067
51.5475097,-0.0943061
51.5470893,-0.0739645
51.4928372,0.0460775
51.4429565,-0.1495726
51.5419687,-0.0861140
51.5421089,-0.0925117
51.5450856,-0.0761785
51.5465092,-0.0792382
51.5174637,-0.1036191
51.5185105,-0.1015874
51.5188683,-0.0988365
51.5124050,-0.1062237
51.5125471,-0.1065643
51.5068760,-0.1242564
51.5087109,-0.1223403
51.5090697,-0.1215248
51.5104022,-0.1193648
51.5111118,-0.1146190
51.5113608,-0.1132666
51.5121451,-0.1172474
51.4993280,-0.1333284
51.4996834,-0.1336381
51.4997541,-0.1318685
51.4998231,-0.1326371
51.4998313,-0.1306003
51.5002502,-0.1318954
51.4970980,-0.1450183
51.4973732,-0.1466310
51.4980603,-0.1397427
51.4982516,-0.1429836
51.4983686,-0.1401751
51.4985272,-0.1409618
51.4986057,-0.1427582
51.4986983,-0.1417392
51.5046899,-0.0824531
51.4932715,-0.2244783
51.4936152,-0.2240907
51.4973519,-0.2225098
51.4977207,-0.2223776
51.5701685,-0.0252797
51.5116706,-0.1220387
51.5827693,-0.0193616
51.4309619,-0.1041895
51.5140009,-0.0700762
51.5309632,-0.0757721
51.5174383,-0.0738397
51.5327881,-0.1250309
51.5331102,-0.1251194
51.5208530,-0.1030579
51.5252430,-0.0897703
51.5138310,-0.1045571
51.5140324,-0.1050005
51.5143791,-0.0776815
51.5168792,-0.1371560
51.5338565,-0.1266573
51.5152922,-0.1056667
51.5153039,-0.1092592
51.5165200,-0.1090542
51.5165891,-0.1075912
51.5168770,-0.1073332
51.5170184,-0.1110072
51.5171068,-0.1124792
51.5173850,-0.1118997
51.5178850,-0.1094971
51.5192358,-0.1181471
51.5195248,-0.1183842
51.5197304,-0.1118781
51.5205123,-0.1154959
51.5205942,-0.1087529
51.5207524,-0.1123469
51.5212442,-0.1102004
51.5199773,-0.1073446
51.5199816,-0.1072661
51.5209701,-0.1069104
51.5215304,-0.1069277
51.5216966,-0.1078238
51.5285990,-0.0562330
51.5284171,-0.0561955
51.5240752,-0.1007492
51.5272023,-0.1129502
51.5274564,-0.1093669
51.5278993,-0.1102971
51.5279997,-0.1142168
51.5283942,-0.1015317
51.5289801,-0.1145756
51.5302935,-0.1076759
51.5305777,-0.1078365
51.5231361,-0.1075843
51.5240458,-0.1073575
51.5242644,-0.1081446
51.5259848,-0.1078254
51.5270933,-0.1049160
51.5293422,-0.1162129
51.5300440,-0.1191533
51.5887026,-0.0395281
51.5588361,-0.2810964
51.5233253,-0.1125565
51.5233914,-0.1133991
51.5235244,-0.1147308
51.5238857,-0.1119799
51.5286895,-0.1167350
51.5321097,-0.1208853
51.5321434,-0.1191054
51.5324771,-0.1130644
51.5344775,-0.1215944
51.5228724,-0.1248435
51.5230332,-0.1219670
51.5234152,-0.1234707
51.5236957,-0.1209098
51.5243617,-0.1259741
51.5246964,-0.1177685
51.5249428,-0.1216372
51.5255052,-0.1230769
51.5258127,-0.1184447
51.5261737,-0.1277146
51.5266267,-0.1247737
51.5269337,-0.1289743
51.5269653,-0.1284768
51.5276868,-0.1280255
51.5278388,-0.1226449
51.5279278,-0.1221029
51.5279297,-0.1211246
51.5280688,-0.1271258
51.5282459,-0.1265129
51.5286555,-0.1208981
51.5290052,-0.1247727
51.5291715,-0.1236991
51.5293211,-0.1226540
51.5294306,-0.1222524
51.5300737,-0.1228851
51.5300951,-0.1209866
51.5217633,-0.1160430
51.5219658,-0.1152808
51.5220045,-0.1152021
51.5227952,-0.1154996
51.5229827,-0.1161502
51.5238383,-0.1168348
51.5047923,-0.0193775
51.5046497,-0.0185228
51.5051130,-0.0211976
51.5051654,-0.0213849
51.5052156,-0.0220439
51.5049779,-0.0214168
51.5049326,-0.0200103
51.5049457,-0.0190917
51.5040578,-0.0198899
51.5056537,-0.0220095
51.5048585,-0.0171421
51.5052916,-0.0213438
51.5051499,-0.0219923
51.5022862,-0.0179692
51.5023153,-0.0182406
51.5066111,-0.0259923
51.5047402,-0.0193629
51.5048323,-0.0180416
51.5048670,-0.0193702
51.5056110,-0.0217278
51.5046758,-0.0217818
51.5048556,-0.0201957
51.5464774,-0.0129122
51.5476772,-0.0107282
51.5486057,-0.0089489
51.5471242,-0.0116115
51.5484144,-0.0093153
51.5482192,-0.0065187
51.5475867,-0.0075953
51.5469904,-0.0078288
51.5485236,-0.0050755
51.5463690,-0.0051373
51.5130832,-0.1397120
51.3892805,0.0360856
51.5021734,-0.1874952
51.5189114,-0.1380682
51.5170218,-0.0639083
51.4980478,-0.0815045
51.5148292,-0.1514511
51.4825991,-0.2024851
51.5065753,-0.1005972
51.4676965,-0.0234944
51.4596526,-0.2112067
51.4785402,-0.0854863
51.5114251,-0.1194239
51.5167966,-0.0734580
51.5165903,-0.0740636
51.5741003,-0.1124324
51.5209479,-0.1221931
51.5215666,-0.1219943
51.5220655,-0.1230528
51.5356131,-0.1898209
51.5360370,-0.1870101
51.5324036,-0.1812319
51.5316877,-0.1791686
51.5411027,-0.1791419
51.5279594,-0.1766778
51.5274375,-0.1720049
51.5286165,-0.1695283
51.5308817,-0.1718627
51.5205689,-0.1676928
51.5210428,-0.1692583
51.5217269,-0.1684232
51.5233984,-0.1700210
51.5239431,-0.1738109
51.5224640,-0.1623042
51.5228901,-0.1616856
51.5230800,-0.1645700
51.5232416,-0.1587296
51.5234912,-0.1612487
51.5235124,-0.1611070
51.5249818,-0.1628026
51.5162069,-0.1629024
51.5167360,-0.1589309
51.5169362,-0.1649197
51.5180238,-0.1659176
51.5185868,-0.1612151
51.5187383,-0.1645092
51.5188456,-0.1596500
51.5190652,-0.1632341
51.5193018,-0.1656110
51.5196694,-0.1635177
51.5197407,-0.1599842
51.5209862,-0.1608390
51.5167109,-0.1562911
51.5190729,-0.1575983
51.5192426,-0.1574404
51.5200332,-0.1571559
51.5211692,-0.1592695
51.5214159,-0.1576144
51.5211103,-0.1531302
51.5212255,-0.1538776
51.5214780,-0.1570229
51.5224198,-0.1542395
51.5159051,-0.1516296
51.5164098,-0.1530003
51.5167126,-0.1520888
51.5169734,-0.1531090
51.5170795,-0.1524953
51.5184742,-0.1551734
51.5194693,-0.1559792
51.5196502,-0.1531401
51.5197213,-0.1545472
51.5200488,-0.1559608
51.5212092,-0.1505606
51.5213957,-0.1493437
51.5224983,-0.1460661
51.5225083,-0.1459372
51.5227971,-0.1494123
51.5229189,-0.1460924
51.5222605,-0.1447034
51.5190765,-0.1489568
51.5193907,-0.1498872
51.5195620,-0.1503602
51.5195914,-0.1471931
51.5198996,-0.1510629
51.5199561,-0.1474762
51.5200383,-0.1502493
51.5211029,-0.1439345
51.5213455,-0.1439389
51.5218001,-0.1435574
51.5178326,-0.1502529
51.5181347,-0.1511435
51.5187715,-0.1427456
51.5188343,-0.1427350
51.5189656,-0.1445138
51.5191170,-0.1428697
51.5195350,-0.1447807
51.5155076,-0.1468175
51.5155119,-0.1473000
51.5155557,-0.1470518
51.5161893,-0.1486559
51.5167196,-0.1456661
51.5167465,-0.1443123
51.5138816,-0.1699383
51.5029112,-0.1906881
51.5050262,-0.1928445
51.5050455,-0.1927550
51.5065640,-0.1943301
42.9591711,-81.3328426
51.5116670,-0.1316362
51.4999303,-0.0172966
51.5060577,-0.0281059
51.5661328,0.0020244
51.5541361,0.0050254
51.4633025,-0.1161330
51.5358883,-0.1225789
51.4926231,0.0706285
51.5189954,-0.0898031
51.5388378,-0.1229122
51.5118125,-0.1211564
51.5082622,-0.1304173
51.5787324,-0.1225934
51.5193918,-0.0631475
51.5404442,-0.1024931
51.5160858,-0.2051174
51.4650442,0.0092010
51.5268640,-0.0884753
51.5190777,-0.2072855
51.4502590,0.0817151
51.4801791,-0.0084810
51.5137016,-0.0703315
51.5469100,-0.0744960
51.5655378,-0.1082239
51.5653027,-0.1079133
51.5655869,-0.1082900
51.5162589,-0.1079169
51.4934731,-0.1168643
2.3564453,32.3060107
51.4787995,-0.1188918
51.5397277,-0.0565679
51.5143899,-0.1611165
51.5275109,-0.1246104
51.5146055,-0.1619677
51.4498410,-0.2397895
51.5630930,-0.0106147
51.5139473,-0.1033662
51.4661466,-0.1507049
51.5780534,-0.1244837
51.4656175,-0.1548900
51.5268434,-0.0886352
51.5168016,-0.0736047
51.5171763,-0.0736382
51.4667349,-0.1477806
51.4676329,-0.1508692
51.5117524,-0.0563553
51.5839093,-0.0087307
51.4402210,-0.0017249
51.5215561,-0.0468968
51.5048399,-0.0573138
51.5053631,-0.0582387
51.5054103,-0.0582737
51.5053785,-0.0579049
51.5931226,-0.0391962
51.5017665,-0.1043551
51.5842900,-0.0676550
51.5069774,-0.1334502
51.4803176,-0.2041473
51.5340479,-0.1716160
51.5338830,-0.1713786
51.5771395,-0.0297490
51.4917279,-0.1924584
51.5168969,-0.0653563
51.5454858,-0.0748134
51.5451405,-0.0748322
51.5455809,-0.0760151
51.5236118,-0.0719999
51.5086865,-0.0104307
51.4627490,-0.1092601
51.5168154,-0.0733530
51.5560265,-0.1110612
51.5225137,-0.0538667
51.4209791,-0.2074502
51.5353556,-0.0340180
51.5320127,-0.0416829
51.5071900,-0.0712368
51.5071754,-0.0709430
51.5072002,-0.0714433
51.5309954,-0.1245810
51.5293331,-0.1261149
51.5025525,-0.1877254
51.5217639,-0.1057092
51.5233544,-0.1086998
51.5249290,-0.1102709
51.5255368,-0.1099687
51.5239798,-0.1095624
51.5053734,-0.0990763
51.5199496,-0.1095201
51.5221644,-0.0456488
51.5005728,-0.1931461
51.4659425,-0.0657288
51.5080066,-0.0793773
51.5725856,-0.1983130
51.5714385,-0.1950150
51.4852590,-0.1823118
51.5149476,-0.0859288
51.5885275,-0.0046704
51.5209148,-0.1127953
51.5307186,-0.1217869
51.4760477,-0.0225713
51.5319946,-0.1074804
51.5319942,-0.1075951
51.5222217,-0.0640856
51.5147687,-0.0978044
51.5173120,-0.0629908
51.5172995,-0.0631404
51.5172824,-0.0633080
51.5173150,-0.0613634
51.5089084,-0.0584918
51.5841817,-0.0214095
51.5437230,-0.0223901
51.5111975,-0.0563973
51.5128672,-0.0566340
51.5112029,-0.0566541
51.5823974,-0.0292224
51.4859303,-0.1165212
51.5018206,-0.1120821
51.5071804,-0.0682198
51.5146756,-0.1025048
51.5168459,-0.1280249
51.5168330,-0.1281061
51.4088218,-0.2293110
51.5206052,-0.1094888
51.4092429,-0.2273694
51.4093205,-0.2270939
51.5170050,-0.0714831
51.5712634,-0.1933926
51.5144207,-0.1321737
51.5327051,-0.1254196
51.5254268,-0.1401543
51.5254009,-0.1395884
51.4097190,-0.2254140
51.5036583,-0.1135090
51.5142173,-0.1031471
51.4994525,-0.1337101
51.4635233,-0.2118407
51.4641606,-0.2125354
51.4646496,-0.2146718
51.4645318,-0.2148656
51.5157988,-0.0721293
51.5099132,-0.0598357
51.5033099,-0.1153416
51.5166863,-0.1089721
51.4788428,-0.3232411
51.4926301,-0.1927529
51.5195258,-0.1170622
51.5317932,-0.0265748
51.5117726,-0.1346407
51.5108492,-0.1342935
51.5047085,-0.0176338
51.5046940,-0.0174062
51.5178065,-0.0605870
51.5047069,-0.0189001
51.5047186,-0.0190503
51.5280014,-0.1216561
51.5176914,-0.2062881
51.5377166,-0.0212810
51.5291616,-0.2036677
51.5434690,0.0050491
51.5444804,0.0046563
51.4439041,-0.2073201
51.4640994,-0.3016008
51.4593819,-0.3063972
51.4602141,-0.3071322
51.5471935,-0.0075602
51.4099742,-0.2237687
51.4099859,-0.2236966
51.4612040,-0.3004767
51.4611965,-0.3003843
51.4612402,-0.3008714
51.5345373,-0.1171482
51.5043483,-0.0664943
51.5038465,-0.0635415
51.5411801,-0.1461637
42.9778791,-81.1922370
42.9778461,-81.1919920
42.9778822,-81.1918933
42.9778008,-81.1916677
51.5413516,-0.1462821
51.4180645,-0.0832090
51.5127889,-0.0570573
51.5136071,-0.0569564
51.5114999,-0.0564450
51.5115792,-0.0564530
51.5204199,-0.0818309
51.4948397,-0.1900815
51.4922564,-0.1929549
51.4922155,-0.1928751
51.4930420,-0.1927501
51.4927537,-0.1929066
51.4928783,-0.1928418
51.4927024,-0.1930579
51.4927129,-0.1929330
51.5172959,-0.0737289
51.5102118,-0.1336568
51.5345733,0.0359027
51.5348504,0.0357758
51.5351975,0.0356213
51.5352237,0.0356098
51.5349702,0.0357210
51.5349924,0.0353285
51.5354271,0.0355204
51.5109671,-0.0136841
51.5329960,0.0364114
51.5332893,0.0366081
51.5329186,0.0364610
51.5335621,0.0363976
51.5326011,0.0366643
51.5322201,0.0360514
51.5261852,-0.0885314
51.5261935,-0.0888828
51.5264739,-0.0889686
51.5267058,-0.0890357
51.5218574,-0.0812568
51.5050746,-0.0331266
51.5141013,-0.1225093
51.5187832,-0.1408171
51.5311632,-0.2167674
51.5151063,-0.1937749
51.5119540,-0.1317433
51.5132557,-0.1301076
51.5202068,-0.0713826
51.5132639,-0.0862317
51.5854203,-0.1005252
51.5038981,-0.1067190
51.5180985,-0.1252414
51.5506251,0.0053553
51.5505675,0.0053240
51.5505338,0.0053057
51.5506823,0.0053863
51.5035613,-0.0741347
51.5104136,-0.1324365
51.4229801,-0.0832230
51.4241636,-0.0838543
51.4245584,-0.0834302
51.4250521,-0.0834812
51.5139907,-0.1015980
51.4798943,-0.1861641
51.4793698,-0.1875964
51.5135432,-0.0809011
51.4629946,-0.1329797
51.5467706,-0.0122941
51.5202427,-0.0558353
51.5207096,-0.0534423
51.5202281,-0.0559163
51.5179516,-0.0642073
51.5499078,0.0244235
51.5420842,0.0014302
51.5433474,-0.0905640
51.5413131,-0.1465252
51.5180133,-0.0795805
51.5227408,-0.1361157
51.5712210,-0.0899396
51.5711000,-0.0954777
51.4987758,-0.0491319
51.5414967,-0.1461156
51.5415231,-0.1461418
51.5398385,-0.1170012
51.4681421,-0.1129475
51.5080209,-0.0797169
51.5066070,-0.0885343
51.5276274,-0.0816437
43.0034034,-81.2270094
43.0036083,-81.2271274
51.5379729,-0.0446520
51.5951849,-0.1445254
51.5005941,-0.0771444
51.5002049,-0.0764518
51.5122270,-0.1452018
51.5045541,-0.0971758
51.5966532,-0.2423142
51.5957164,-0.2430465
51.5954764,-0.2430465
51.5181547,-0.0594462
51.5189675,-0.0589232
51.5043604,-0.0953387
51.5042686,-0.0951509
51.5735020,-0.0719334
51.5191809,-0.0585957
51.5235672,-0.0545798
51.5569185,-0.0560336
51.5135263,-0.1422056
51.5108447,-0.1344725
51.5203243,-0.1230022
51.5155147,-0.0909278
51.5155699,-0.0909161
51.4246640,-0.1639744
51.5235177,-0.1045109
51.5127934,-0.0672432
51.5094830,-0.1944848
51.5283247,-0.0501999
51.5172116,-0.0873822
51.5244235,-0.0717415
51.5176644,-0.1259784
51.5188620,-0.0891796
42.9906559,-81.2504492
51.5531271,-0.0254259
51.3950063,-0.0865620
51.5707119,-0.0157874
51.5468019,0.0065073
51.5329598,0.0063485
51.5492889,0.0053417
51.4208070,-0.2069959
51.4206151,-0.2059955
51.5233318,-0.0978862
51.5418234,-0.0224559
51.5980098,-0.0934014
51.5414637,-0.1455958
51.5132797,-0.0779723
51.5133322,-0.0782294
51.5133456,-0.0783286
51.5417020,-0.0026660
51.5547502,0.0195839
51.5300775,0.0373261
51.5304137,0.0382649
51.4728584,0.0453366
51.5356909,0.0528425
51.5539552,-0.0752111
51.5852286,-0.0193186
51.5108760,-0.0608218
51.4955289,-0.1368326
51.5528755,0.0533784
51.5271350,0.0802231
51.5270699,0.0799629
51.4630944,-0.1702792
51.5139191,-0.1259218
51.4636231,-0.1423211
51.5177150,0.0135672
51.5269533,-0.0583505
51.5120145,-0.0143036
51.5029368,-0.0174974
51.5133525,-0.1039415
51.5109978,-0.0800148
51.5114335,-0.0796259
51.5827870,-0.0191523
51.5500757,0.0054497
51.5499918,0.0054163
51.5498840,0.0053802
51.5496075,0.0049242
51.5514597,0.0057049
51.5514952,0.0057002
51.5311835,-0.1223282
51.5222682,-0.0448240
51.4933917,-0.0987959
51.4953130,-0.0996719
51.5116522,-0.0826152
51.5116672,-0.0826957
51.5467591,-0.1612344
51.4536675,-0.1921071
51.5161375,-0.0729192
51.4699134,-0.2553813
51.5840454,-0.0081720
51.6081060,-0.0013118
51.5174500,-0.1119480
51.5110319,-0.1315618
51.5152959,-0.1343809
51.5440624,0.0041815
51.5438874,0.0040796
51.4948995,0.0133939
51.5041353,-0.0208824
51.5495571,0.0049272
51.5446506,0.0043399
51.5451603,0.0043702
51.5454041,0.0043687
51.5430707,0.0034617
51.5423467,0.0045534
51.5383018,-0.0011827
51.5119516,-0.1308411
51.5475339,0.0057426
51.5475638,0.0057286
51.5463519,0.0057126
51.5464964,0.0059288
51.5471073,0.0059764
51.5466899,0.0060824
51.5468809,0.0060693
51.5130752,-0.0945117
51.5444399,0.0046548
51.5453903,0.0047138
51.5471476,0.0059616
51.5460860,0.0045100
51.5461147,0.0046637
51.5461000,0.0046006
51.5463256,0.0056471
51.5501728,-0.0023196
51.5503589,-0.0028584
51.5458955,-0.0542598
51.5459055,-0.0541968
51.5383353,-0.0019890
51.5367504,-0.0003649
51.5357477,-0.0003770
51.5329023,-0.0090803
51.5400712,-0.0111670
51.5403435,-0.1448935
51.5403798,0.0011265
51.5396203,0.0001421
51.5395786,0.0001018
51.5397547,0.0002690
51.5131648,-0.1032836
51.5074604,-0.1321982
51.5138199,-0.0689221
51.4947245,-0.1829091
51.5329965,-0.1255123
51.5329275,-0.1254784
51.5109844,-0.0874537
51.5282233,-0.1733041
51.6073757,-0.0009166
51.4982501,-0.0607916
51.4222326,-0.2079778
51.5293420,0.0256937
51.5293654,0.0256687
51.6076738,-0.0025807
51.6077498,-0.0017271
51.5123452,-0.1044673
51.5124312,-0.1044686
51.5265565,-0.0625915
51.5125442,-0.1387720
51.5126309,-0.1386022
51.5126537,-0.1389199
51.5128071,-0.1388922
51.5127947,-0.1389316
51.5434834,-0.0070987
42.9799055,-81.2349944
51.5871727,-0.0608271
51.5098220,-0.1288536
51.5147451,-0.1051801
51.5146390,-0.1050587
51.5144107,-0.1047356
51.5828354,-0.0239598
51.6174830,-0.0173757
51.6314495,0.0038009
51.6261763,-0.0564964
51.6181598,-0.1086421
51.5112066,-0.0837621
51.5111707,-0.0837714
51.5111348,-0.0837835
51.5152969,-0.0827121
51.4988293,-0.0809603
51.5443467,-0.0263138
51.5442800,-0.0268221
51.5594052,-0.1783147
51.5593311,-0.1784770
51.5121599,-0.1048042
51.5121207,-0.1048028
51.5173977,-0.0696236
51.5138042,-0.1103604
51.6070840,-0.0150834
51.4950641,-0.3660159
51.5310439,-0.0889004
51.4414548,-0.1490915
51.4415629,-0.1491213
51.4417149,-0.1491791
51.4418086,-0.1492279
51.5127385,-0.1135526
51.6080249,-0.0113335
51.6080175,-0.0115051
51.6080119,-0.0116363
51.6080302,-0.0112085
51.6083321,-0.0109972
51.5161008,-0.1760940
51.4744133,-0.1469251
51.5201345,-0.0778547
51.4447407,-0.1515132
51.5048776,-0.0940882
51.5168727,-0.0787324
51.4720232,-0.0934527
51.4751068,-0.1407001
51.4854683,0.0059855
51.5213798,-0.0822484
51.5213285,-0.0815874
51.5043281,-0.0943917
51.5022314,0.0373471
51.5026481,0.0459267
51.5185966,-0.1380291
51.4595004,-0.1340734
51.5119115,-0.0791712
51.5118356,-0.0798100
51.5017728,-0.1624764
51.4430121,-0.1921766
51.5045572,-0.0557968
51.4667610,-0.1005898
51.5157051,-0.0229186
51.4192526,-0.1980814
51.5264749,-0.0781995
43.0083021,-81.2608464
43.0081648,-81.2605460
51.5036326,-0.0809476
51.5081367,-0.1362750
51.5191364,-0.1381145
51.5337025,-0.1251837
51.5377019,-0.1269986
51.5548666,-0.0894815
51.4838415,0.0012861
51.5472951,-0.0112755
51.4974170,-0.3132331
51.4106975,-0.2088107
51.5111126,-0.0779717
51.5041166,-0.0820398
51.5022367,-0.0826750
51.5022475,-0.0826026
51.5014160,-0.0822684
51.5161380,-0.1192286
51.5063000,-0.0912496
51.5051790,-0.0897728
51.5043383,-0.0761467
51.5037700,-0.0748378
51.5036857,-0.0736817
51.5027162,-0.0714723
51.5083786,-0.1949230
51.5116828,-0.1876249
51.5253374,-0.0704408
51.5149374,-0.0735597
51.5116643,-0.1228449
51.5263510,-0.0782004
51.4913212,-0.0751241
51.5264838,-0.0632352
51.5629373,-0.0109734
51.5295793,-0.0688905
51.5309943,-0.0719758
51.5304609,-0.0740899
51.4107260,-0.2085783
51.4489364,-0.0854907
51.5139474,-0.1506949
51.4984945,-0.0732230
51.5488239,-0.0409453
51.5512903,-0.0434391
51.4242619,-0.2066368
51.4230243,-0.2093370
51.5147928,-0.0351655
51.5151576,-0.0281132
51.5150340,-0.1470432
51.5219865,-0.0976083
51.5229831,-0.1246820
51.5184136,-0.1498802
51.4859598,-0.0940417
51.5312405,-0.0477968
51.5116071,-0.1324676
51.5137585,-0.1510238
51.5108589,-0.1873718
51.5103606,-0.1872377
51.5103553,-0.1873321
51.5103208,-0.1876885
51.5140718,-0.1319284
51.5205158,-0.1559948
51.5105033,-0.1324927
51.5006639,-0.0170248
51.5119298,-0.1309167
51.4802176,-0.1241516
51.4660241,-0.1527986
51.5028241,-0.1909482
51.5144379,-0.0708704
51.5422551,0.0260971
51.5139267,-0.0702843
51.5259897,-0.1252937
51.5102650,-0.1333829
51.5051206,-0.0910775
51.5122096,-0.0935388
51.5213511,-0.1285513
51.5030442,-0.2357061
51.4773546,-0.1127198
51.5291432,-0.1267332
51.5201852,-0.1178185
51.4611650,-0.1110781
51.5045698,-0.0910936
51.5062702,-0.1015881
51.5908536,-0.1423573
51.5166828,-0.0698560
51.5230024,-0.1245896
51.5229646,-0.1247807
51.5219850,-0.0859199
51.5219828,-0.0864063
51.5219834,-0.0855031
51.4696327,-0.2630215
51.4697170,-0.0690787
51.5568907,-0.0560153
51.5833070,-0.0646370
51.5384071,-0.1424709
51.5505446,-0.1653808
51.5450648,-0.1770848
51.4846200,-0.1817840
51.5085505,-0.2206868
51.4928003,-0.2242997
51.5854016,-0.2771768
51.5829183,-0.1997119
51.4944636,-0.1459578
42.9860419,-81.2504096
42.9875965,-81.2509368
42.9844024,-81.2495965
42.9848434,-81.2475774
42.9830610,-81.2514473
42.9946746,-81.2529237
43.0266585,-81.2787774
51.5175912,-0.1552505
51.5022300,-0.1119801
51.5022266,-0.1119426
51.5022917,-0.1121438
51.5023068,-0.1121920
51.6161696,-0.1765215
51.5103864,-0.3234999
51.5106211,-0.1872747
51.5282193,-0.0905991
51.5169388,-0.0429897
51.5127258,-0.1387318
51.5127628,-0.1387749
51.5154367,-0.1265953
51.6045332,-0.1892421
51.4923383,-0.1929686
51.5819282,-0.1265420
51.5142782,-0.1679499
51.5143411,-0.1676058
51.5457394,0.0027295
51.5143238,-0.1331178
51.5144557,-0.1331754
51.4760328,-0.0334824
51.4754393,-0.0374429
51.5357719,-0.1233923
51.6093166,-0.1888664
51.5152731,-0.1192076
51.5136139,-0.1304357
51.5183876,-0.1323856
51.5074209,-0.0582425
51.5283742,-0.1190311
51.4925196,-0.1770448
51.5177265,-0.0658437
51.5178056,-0.0708970
51.5195884,-0.0718981
51.5196106,-0.0717291
51.5198437,-0.0717399
51.5199322,-0.0717447
51.5124703,-0.1389391
51.5124290,-0.1388908
51.5140364,-0.1493368
51.4708989,-0.0502451
42.9172741,-81.2095247
51.5117059,-0.0791296
51.4320703,-0.1037512
51.5109260,-0.0899801
51.5155039,-0.0901122
51.5117878,-0.1402334
51.5779515,-0.0986681
51.5777441,-0.0986393
51.5604917,-0.0095067
51.5385233,-0.0552018
51.5353484,-0.0062238
51.5097459,-0.0797764
51.4805899,-0.1988253
51.5137579,-0.1259761
51.5512232,-0.0437501
37.1279373,-84.0608738
51.5426763,-0.0053667
51.5145140,-0.1222638
51.5224158,-0.1074931
51.5331691,-0.1256652
51.4618875,-0.2207599
51.5121916,-0.0924836
51.4996315,-0.1193083
51.4981906,-0.1180011
51.5041030,-0.0769001
51.5040964,-0.0773186
51.5237301,-0.0805482
51.5206471,-0.1347945
51.5372112,-0.0809588
51.5132371,-0.0996441
51.5136294,-0.0700122
51.4935541,-0.1585905
51.5228963,-0.1555152
51.5048433,-0.0927099
51.4749506,-0.0346215
51.4892260,0.0651756
51.5010247,-0.0206505
51.5216949,-0.1130734
51.5004932,-0.1297780
51.5158924,-0.1508595
51.4207435,-0.2067175
51.5122096,-0.0915275
51.5554751,0.0187874
51.4080910,-0.1424570
51.5566909,0.0175158
51.5072944,-0.1071077
51.5507028,-0.2055117
51.4958737,-0.0474699
51.4659110,-0.1035306
51.5146858,-0.1051258
51.5490506,0.0250428
51.4449976,-0.1512924
51.6159790,-0.2419881
51.5589071,-0.1785884
51.5039182,-0.1117207
51.5056969,-0.1011895
51.5163393,0.0089062
51.5164553,0.0091422
51.6128738,-0.0300402
51.5176929,-0.1252390
51.5179941,-0.1251988
51.5353815,-0.0131562
51.4450217,-0.1892371
42.9891447,-81.2606850
42.9833633,-81.2514643
42.9889143,-81.2308417
42.9860074,-81.2420176
42.9890003,-81.2305146
42.9900558,-81.2280002
42.9892469,-81.2296784
42.9906496,-81.2248768
51.5373955,-0.1240765
43.0081067,-81.2605217
51.5143698,-0.1026291
51.5409279,-0.1377613
51.4931570,-0.0984417
42.9927619,-81.2185561
42.9828236,-81.2472963
42.9844169,-81.2498605
42.9873790,-81.2508859
42.9946138,-81.2529281
42.9885948,-81.2509085
42.9889607,-81.3231468
42.9204897,-81.2813109
42.9731257,-81.2535525
51.5167996,0.0113719
51.5035604,-0.1048205
51.4596329,-0.0031636
51.5511692,-0.2007554
51.5165648,-0.1257829
51.5328588,-0.0587605
51.5169563,-0.0625879
51.5280163,-0.0902050
51.5155598,-0.1236726
51.5150982,-0.1247294
51.5847499,-0.1154507
51.5159971,-0.0728015
51.5276604,0.0052601
51.5276562,0.0050308
51.4921523,-0.0241157
51.4921314,-0.0243142
51.6328316,-0.1752692
51.5338316,-0.1221532
51.5170120,0.0112774
51.5225987,-0.1504687
51.5107401,-0.1873034
51.5221223,-0.0458404
51.5221022,-0.0459249
51.5196932,-0.1022056
51.4984615,-0.2015109
51.5187403,-0.0713934
51.5107132,-0.1317583
51.5155699,-0.1951785
51.5149415,-0.1337852
51.5169395,-0.0158817
51.5838366,-0.0638480
51.5463250,-0.0746574
51.5184907,-0.1435527
51.4376974,-0.1058281
51.4260218,-0.1055496
51.4587707,-0.0030040
51.4589365,-0.0026177
51.5128943,-0.1184765
51.4585529,0.0025813
51.5378193,-0.1404688
51.5716165,-0.1935490
51.4588204,0.0055467
51.4587669,0.0054685
51.4585209,0.0044613
51.5120132,-0.1334829
51.4887174,-0.3138261
51.4592933,-0.0032475
51.4588622,-0.0030462
51.4588488,-0.0022067
51.4588288,-0.0020511
51.4597060,-0.0041463
51.4596945,-0.0042757
51.5129198,-0.1393343
51.5286484,-0.0561706
51.4552568,-0.0005067
51.5169867,0.0112376
51.5341865,-0.0571002
51.4749161,-0.1369195
51.4763982,-0.1381888
51.4598896,-0.1793443
51.5402647,-0.0549913
51.5001094,-0.1784897
51.5879734,-0.0398950
51.5119693,-0.1424438
51.4744580,0.0353062
51.4745607,0.0346556
51.4745715,0.0345783
51.4746171,0.0343019
51.4746272,0.0342439
51.4746702,0.0339705
51.6310200,-0.1756700
51.4830101,-0.0141616
51.4739645,-0.0828211
51.5379156,-0.1309517
51.5470751,-0.0754178
51.5469366,-0.0754299
51.5467719,-0.0754473
51.5109152,-0.1873552
51.4700857,-0.0661688
51.4698695,-0.0676429
51.4699261,-0.0677434
51.4698701,-0.0674783
51.5468512,0.0060716
51.4946789,-0.1324358
51.5414084,-0.0094208
51.5194617,-0.1359108
51.4529342,-0.1038884
51.6330303,-0.1267936
51.6324220,-0.1268627
51.5579317,0.0178266
51.5580117,0.0179715
51.5312904,-0.0386185
51.6640771,-0.0827307
51.5049005,-0.0942771
51.5113580,-0.1443836
51.6142206,-0.2480525
42.9884578,-81.2543316
51.5223248,-0.1447784
51.4704910,-0.2104471
51.4566715,-0.0209643
51.4565701,-0.0213157
51.4565661,-0.0216360
51.5523762,0.0058150
51.5522770,0.0058351
51.5520510,0.0058888
51.5520085,0.0059009
51.5518759,0.0059344
51.4420068,-0.1889387
51.5506792,0.0104579
51.5015239,-0.0933196
51.5861278,-0.0028233
51.5163479,-0.1500893
51.5530262,0.0055703
51.5535341,0.0050298
51.5533968,0.0050873
51.5527903,0.0053398
51.5535712,0.0053175
51.5534703,0.0053604
51.5540210,0.0050061
51.5538426,0.0049762
51.5539151,0.0052951
51.5538346,0.0052886
51.5542754,0.0053597
51.5541916,0.0053396
51.5530698,0.0052234
51.5532098,0.0051651
51.5531154,0.0052044
51.5538908,0.0049843
51.5248099,-0.0808394
51.5428973,-0.0069583
51.5427016,-0.0073858
51.5427855,-0.0079588
51.5429828,-0.0076359
51.5430947,-0.0074616
51.5431943,-0.0073101
51.5433169,-0.0071272
51.5435837,-0.0090519
51.5437062,-0.0084276
51.5434680,-0.0061475
51.5433076,-0.0059081
51.5431049,-0.0056392
51.5426364,-0.0051825
51.5432584,-0.0065711
51.5433171,-0.0063243
51.5431988,-0.0063792
51.5431487,-0.0068037
51.5431327,-0.0065256
51.5430622,-0.0066683
51.5429734,-0.0068147
51.5428892,-0.0069318
51.5428164,-0.0070599
51.5427503,-0.0071953
51.5427936,-0.0073820
51.5426821,-0.0073307
51.5427048,-0.0075320
51.5428596,-0.0078322
51.5423455,-0.0086301
51.5424394,-0.0084920
51.5416949,-0.0085730
51.5432859,-0.0086854
51.5434073,-0.0081992
51.5426462,-0.0080776
51.5432183,-0.0069266
51.5425551,-0.0057663
51.5433168,-0.0059367
51.5438643,-0.0078087
51.5438700,-0.0079708
51.5434623,-0.0063804
51.5434772,-0.0066621
51.5435113,-0.0067466
51.5435253,-0.0068071
51.5436383,-0.0066086
51.5436900,-0.0067931
51.5426809,-0.0049959
51.5438976,-0.0072522
51.5438775,-0.0081156
51.5439230,-0.0087579
51.5439861,-0.0087029
51.5439537,-0.0090368
51.5440369,-0.0089311
51.4708708,-0.0823552
51.4709652,-0.0824028
51.4710741,-0.0820883
51.5584853,0.0068819
51.5616812,0.0080922
51.5272514,-0.0290007
51.4802520,-0.0578901
51.4801635,-0.0578646
51.4780462,-0.0265874
51.4788210,-0.0264908
51.5540481,-0.0049896
51.5543833,0.0008221
51.5583532,0.0075122
51.5500571,0.0227518
51.5040832,0.0483157
51.5033479,0.0495839
51.5040608,0.0487079
51.5038759,0.0500672
51.5066676,-0.0524549
51.4730692,-0.1815571
51.4808216,-0.0210433
51.4807900,-0.0213665
51.5128006,-0.3715758
51.5138016,-0.3727821
51.5166302,-0.2006163
51.5467263,0.0071031
51.5661734,-0.0255695
51.5441805,-0.0470114
51.5163303,-0.1350223
51.5755668,0.0074860
51.5703398,0.0024274
51.5168305,-0.0863790
51.5494270,-0.0013988
51.4224239,-0.1053877
51.4224422,-0.1050889
51.4661563,0.0085332
51.6059134,-0.0064547
51.4188165,-0.1772970
51.5760602,-0.0082746
51.5871973,-0.0261864
51.5319937,-0.0417486
51.5034051,-0.0774559
51.5059986,-0.0203310
51.5174767,-0.0935192
51.5176536,-0.0943454
51.5067349,-0.1451164
51.5158367,-0.1900517
51.5636732,-0.0052813
51.5069259,-0.0965535
51.5443964,-0.1735428
51.5055369,-0.1501387
51.5216616,-0.0757333
51.5181744,-0.0633544
51.4605910,-0.0716377
42.9477159,-81.2282539
42.9904838,-81.2263734
42.9936479,-81.2153307
42.9840365,-81.2515676
43.0029113,-81.2509334
42.9847224,-81.2467115
42.9824587,-81.2502236
51.5134495,-0.0333719
51.5139206,-0.0338468
51.5139540,-0.0338924
51.5140233,-0.0339957
42.9844850,-81.2917487
42.9349659,-81.2068477
51.5092429,-0.0188700
51.5088898,-0.0103200
51.5502697,-0.0346166
51.5489588,-0.0396424
51.4985240,-0.0730964
51.5474091,-0.0373418
42.9605548,-81.2615846
51.5595951,-0.2505599
51.5595705,-0.2504888
51.5594154,-0.2501576
51.5593771,-0.2500979
51.4041150,-0.1365307
51.4041390,-0.1364585
51.4042285,-0.1361715
51.4042444,-0.1361259
51.4092919,-0.1422343
51.4094515,-0.1421388
51.4102929,-0.1408855
51.4104668,-0.1407461
51.4107035,-0.1405756
51.4107414,-0.1405435
51.4131587,-0.1423249
51.4134793,-0.1426196
51.4664608,0.0076793
51.4666544,0.0084516
51.5004171,-0.1782711
51.5622927,-0.0207971
51.4496530,-0.2408883
51.5913366,0.0292208
51.5528834,-0.0048732
51.5529256,-0.0048835
51.5534444,-0.0049688
51.5532327,-0.0049338
51.5531903,-0.0049268
51.5183889,-0.0638740
51.5541653,-0.0054181
51.5547010,-0.0051512
51.5545774,-0.0051430
51.5545362,-0.0051402
51.5544538,-0.0051347
51.5542478,-0.0051210
51.5595110,-0.0739554
51.4738855,-0.0924327
51.4738623,-0.0925156
51.5466628,-0.0099322
51.5428910,0.0011071
51.5144387,-0.0775747
51.4926494,-0.2303740
51.5073834,-0.0228692
51.5548628,-0.1452121
51.4802400,-0.1979666
51.4917603,-0.0260263
51.5184815,-0.2276525
51.5165846,-0.2271321
51.5161657,-0.2269042
51.5167690,-0.2471964
51.5525304,0.0057855
51.5472941,-0.0294453
51.5499629,0.0247188
51.5210865,-0.1239225
51.5561152,0.0137825
51.5494708,0.0186387
51.5168344,-0.0864084
51.5479922,0.0249593
51.5477777,0.0250331
51.5473417,0.0251833
51.5507859,0.0253482
51.5490697,0.0246334
51.5490255,0.0246321
51.5452467,-0.0350860
51.5452642,-0.0351597
51.5453934,-0.0356050
51.5454118,-0.0419082
37.1106513,-84.0907863
51.5227124,-0.1593315
51.5465773,-0.0556210
51.5465752,-0.0557162
51.4361153,-0.0900659
51.5659733,-0.2299355
51.5124594,-0.0841350
51.5106002,-0.1325496
51.5482466,0.0032190
51.5688085,0.0093601
43.0143958,-81.2834508
51.5229876,0.0575659
51.5138171,-0.2272421
51.5141810,-0.2277464
51.5135885,-0.2276659
51.5136552,-0.2277946
51.5188463,-0.1507229
51.5081677,-0.0664712
51.5140587,-0.2275704
51.4937661,-0.1589398
51.5103901,-0.1325593
51.5103739,-0.1326658
51.5103311,-0.1329428
51.5103105,-0.1330707
51.5482919,-0.0237150
51.5120089,-0.1285813
51.5125723,-0.1289099
51.5126524,-0.1289514
51.5116890,-0.0759459
51.6311245,0.0044207
51.5827150,-0.0130347
51.4790520,-0.1675427
42.9834678,-81.2509720
51.5249998,-0.1267195
51.4935466,-0.1011058
51.5846271,-0.2800026
51.5336287,-0.1085029
51.5742528,-0.3713491
51.5231371,-0.0545360
51.4884271,-0.1652463
51.4327823,-0.1623587
51.5048484,-0.0927197
51.4826972,-0.1458365
51.4831449,-0.1459117
51.4832275,-0.1460182
51.4830244,-0.1470608
51.4829576,-0.1470581
51.4830903,-0.1470655
51.4832907,-0.1461267
51.4834812,-0.1466604
51.4832280,-0.1470701
51.4109857,-0.2093518
51.5165084,-0.1067361
51.5341302,0.0271896
51.5469939,0.0580671
51.4961084,-0.0243344
51.4709000,-0.1086097
51.5690040,0.0120766
51.5882829,-0.0837588
51.4507608,-0.1898211
51.4504999,-0.1897841
51.5099670,0.0631675
51.4975176,-0.0352484
51.4044168,-0.1919709
51.5370806,-0.2407983
51.4895476,-0.0211662
51.5713926,-0.0893801
51.5677749,-0.0325842
51.5677254,-0.0327138
51.5674811,-0.0333605
51.5673746,-0.0336231
51.5673479,-0.0336887
51.5707207,-0.0244906
51.5706540,-0.0246919
51.5705208,-0.0250934
51.5700564,-0.0263031
51.5701078,-0.0261628
51.5702364,-0.0258122
51.5716490,-0.0218929
51.5716215,-0.0219803
51.5715990,-0.0220515
51.5715541,-0.0221939
51.5714418,-0.0225500
51.5712443,-0.0230779
51.5711092,-0.0234358
51.5708489,-0.0241502
51.5708008,-0.0242901
51.5721103,-0.0203964
51.5720894,-0.0204657
51.5303065,-0.1224033
51.4352677,-0.1608256
51.4302228,-0.1655216
51.4300582,-0.1670363
51.5480447,-0.0100744
51.5845450,-0.0131572
51.4243114,-0.1882211
51.4944901,-0.1589716
51.5145422,-0.0694183
51.4937591,-0.1587108
51.3923249,-0.2229533
51.3921751,-0.2228808
51.5217213,-0.0594363
51.4977118,-0.1414533
51.5419967,-0.1361892
51.4632716,0.0360777
51.5170650,-0.1348084
51.5140229,-0.1469174
43.0017093,-81.3340772
43.0037210,-81.3350294
51.5459120,-0.0419804
51.5460601,-0.0420176
51.5661369,-0.0719414
51.5190382,-0.1114304
51.6215632,-0.1769102
51.6170275,-0.1084485
51.4968415,-0.0509465
51.5003808,-0.0211330
51.5486709,0.0146292
51.4103969,-0.2299458
51.5452273,-0.0078306
51.5300706,-0.1860242
51.4764483,-0.0612710
51.5443838,0.0043193
51.4733511,-0.1819909
51.5484061,-0.1413859
51.5222400,-0.0715194
43.0272512,-81.1545464
51.7517570,-0.2940001
42.9728818,-81.2537603
42.9731791,-81.2543244
51.4887526,-0.1336675
